Player,Matches_Test,Matches_ODI,Matches_T20,Matches_IPL,batting_Innings_Test,batting_Innings_ODI,batting_Innings_T20,batting_Innings_IPL,batting_Runs_Test,batting_Runs_ODI,batting_Runs_T20,batting_Runs_IPL,batting_Balls_Test,batting_Balls_ODI,batting_Balls_T20,batting_Balls_IPL,batting_Highest_Test,batting_Highest_ODI,batting_Highest_T20,batting_Highest_IPL,batting_Average_Test,batting_Average_ODI,batting_Average_T20,batting_Average_IPL,batting_SR_Test,batting_SR_ODI,batting_SR_T20,batting_SR_IPL,batting_Not Out_Test,batting_Not Out_ODI,batting_Not Out_T20,batting_Not Out_IPL,batting_Fours_Test,batting_Fours_ODI,batting_Fours_T20,batting_Fours_IPL,batting_Sixes_Test,batting_Sixes_ODI,batting_Sixes_T20,batting_Sixes_IPL,batting_Ducks_Test,batting_Ducks_ODI,batting_Ducks_T20,batting_Ducks_IPL,batting_50s_Test,batting_50s_ODI,batting_50s_T20,batting_50s_IPL,batting_100s_Test,batting_100s_ODI,batting_100s_T20,batting_100s_IPL,batting_200s_Test,batting_200s_ODI,batting_200s_T20,batting_200s_IPL,batting_300s_Test,batting_300s_ODI,batting_300s_T20,batting_300s_IPL,batting_400s_Test,batting_400s_ODI,batting_400s_T20,batting_400s_IPL,bowling_Test_Innings,bowling_ODI_Innings,bowling_T20_Innings,bowling_IPL_Innings,bowling_Test_Balls,bowling_ODI_Balls,bowling_T20_Balls,bowling_IPL_Balls,bowling_Test_Runs,bowling_ODI_Runs,bowling_T20_Runs,bowling_IPL_Runs,bowling_Test_Maidens,bowling_ODI_Maidens,bowling_T20_Maidens,bowling_IPL_Maidens,bowling_Test_Wickets,bowling_ODI_Wickets,bowling_T20_Wickets,bowling_IPL_Wickets,bowling_Test_Avg,bowling_ODI_Avg,bowling_T20_Avg,bowling_IPL_Avg,bowling_Test_Eco,bowling_ODI_Eco,bowling_T20_Eco,bowling_IPL_Eco,bowling_Test_SR,bowling_ODI_SR,bowling_T20_SR,bowling_IPL_SR,bowling_Test_BBI,bowling_ODI_BBI,bowling_T20_BBI,bowling_IPL_BBI,bowling_Test_BBM,bowling_ODI_BBM,bowling_T20_BBM,bowling_IPL_BBM,bowling_Test_4w,bowling_ODI_4w,bowling_T20_4w,bowling_IPL_4w,bowling_Test_5w,bowling_ODI_5w,bowling_T20_5w,bowling_IPL_5w,bowling_Test_10w,bowling_ODI_10w,bowling_T20_10w,bowling_IPL_10w,team_name
Aftab Alam,0,27,12,0,0,17,5,0,0,80,2,0,0,107,9,0,0,16,1,0,0.0,11.43,1.0,0.0,0.0,74.77,22.23,0.0,0,10,3,0,0,9,0,0,0,3,0,0,0,3,1,0,0,0,0,0,0,0,0,0,0,0,0,0,0,0,0,0,0,0,0,0,0,27,12,0,0,1257,245,0,0,1033,324,0,0,14,0,0,0,41,11,0,0.0,25.2,29.45,0.0,0.0,4.93,7.93,0.0,0.0,30.66,22.27,0.0,-/-,4/25,2/23,-/-,-/-,4/25,2/23,-/-,0,1,0,0,0,0,0,0,0,0,0,0,Afghanistan
Asghar Afghan,6,114,75,0,10,108,68,0,440,2424,1382,0,771,3631,1247,0,164,101,62,0,44.0,24.48,21.94,0.0,57.07,66.76,110.83,0.0,0,9,5,0,37,163,87,0,11,65,69,0,1,7,5,0,3,12,4,0,1,1,0,0,0,0,0,0,0,0,0,0,0,0,0,0,2,7,1,0,18,139,4,0,17,91,4,0,0,1,0,0,0,3,1,0,0.0,30.33,4.0,0.0,5.67,3.93,0.0,0.0,0.0,46.33,4.0,0.0,0/1,1/1,1/4,-/-,0/1,1/1,1/4,-/-,0,0,0,0,0,0,0,0,0,0,0,0,Afghanistan
Dawlat Zadran,0,82,33,0,0,56,17,0,0,513,68,0,0,664,42,0,0,47,13,0,0.0,17.1,7.56,0.0,0.0,77.26,161.91,0.0,0,26,8,0,0,40,4,0,0,21,6,0,0,7,3,0,0,0,0,0,0,0,0,0,0,0,0,0,0,0,0,0,0,0,0,0,0,80,34,0,0,3769,741,0,0,3423,980,0,0,42,2,0,0,115,40,0,0.0,29.77,24.5,0.0,0.0,5.45,7.94,0.0,0.0,32.77,18.52,0.0,-/-,4/22,4/44,-/-,-/-,4/22,4/44,-/-,0,3,1,0,0,0,0,0,0,0,0,0,Afghanistan
Gulbadin Naib,0,89,74,2,0,78,64,1,0,1332,945,19,0,1767,775,15,0,82,57,19,0.0,19.88,20.54,19.0,0.0,75.39,121.94,126.67,0,11,18,0,0,115,70,1,0,33,44,1,0,7,7,0,0,5,3,0,0,0,0,0,0,0,0,0,0,0,0,0,0,0,0,0,0,80,44,1,0,2883,649,6,0,2675,860,12,0,12,1,0,0,74,33,0,0.0,36.15,26.06,0.0,0.0,5.57,7.95,12.0,0.0,38.96,19.67,0.0,-/-,6/43,4/20,0/12,-/-,6/43,4/20,0/12,0,3,1,0,0,1,0,0,0,0,0,0,Afghanistan
Hamid Hassan,0,38,25,0,0,22,9,0,0,107,50,0,0,195,46,0,0,17,22,0,0.0,6.69,16.67,0.0,0.0,54.88,108.7,0.0,0,6,6,0,0,10,3,0,0,3,2,0,0,4,0,0,0,0,0,0,0,0,0,0,0,0,0,0,0,0,0,0,0,0,0,0,0,37,25,0,0,1734,544,0,0,1331,580,0,0,25,2,0,0,59,35,0,0.0,22.56,16.57,0.0,0.0,4.61,6.4,0.0,0.0,29.39,15.54,0.0,-/-,5/45,4/22,-/-,-/-,5/45,4/22,-/-,0,2,1,0,0,1,0,0,0,0,0,0,Afghanistan
Hashmatullah Shahidi,10,90,6,0,19,88,4,0,757,2435,48,0,1596,3614,55,0,246,97,36,0,50.47,33.36,24.0,0.0,47.44,67.38,87.28,0.0,4,15,2,0,85,209,5,0,1,13,0,0,0,6,0,0,2,22,0,0,2,0,0,0,2,0,0,0,0,0,0,0,0,0,0,0,5,2,0,0,84,18,0,0,59,25,0,0,0,0,0,0,0,0,0,0,0.0,0.0,0.0,0.0,4.21,8.33,0.0,0.0,0.0,0.0,0.0,0.0,0/4,0/8,-/-,-/-,0/4,0/8,-/-,-/-,0,0,0,0,0,0,0,0,0,0,0,0,Afghanistan
Hazratullah Zazai,0,16,45,0,0,16,45,0,0,361,1161,0,0,409,874,0,0,67,162,0,0.0,22.56,27.64,0.0,0.0,88.27,132.84,0.0,0,0,3,0,0,38,110,0,0,17,66,0,0,1,3,0,0,2,3,0,0,0,1,0,0,0,0,0,0,0,0,0,0,0,0,0,0,0,0,0,0,0,0,0,0,0,0,0,0,0,0,0,0,0,0,0,0.0,0.0,0.0,0.0,0.0,0.0,0.0,0.0,0.0,0.0,0.0,0.0,-/-,-/-,-/-,-/-,-/-,-/-,-/-,-/-,0,0,0,0,0,0,0,0,0,0,0,0,Afghanistan
Mohammad Nabi,3,173,131,24,6,151,124,19,33,3655,2237,215,68,4190,1642,150,24,136,89,31,5.5,26.88,22.6,13.44,48.53,87.24,136.24,143.34,0,15,25,3,4,237,156,18,1,113,109,11,3,6,8,1,0,17,6,0,0,2,0,0,0,0,0,0,0,0,0,0,0,0,0,0,5,164,122,23,546,7960,2242,417,254,5706,2730,517,17,52,5,0,8,176,97,15,31.75,32.42,28.14,34.47,2.79,4.3,7.31,7.44,68.25,45.23,23.11,27.8,3/36,5/17,4/10,4/11,4/95,5/17,4/10,4/11,0,4,3,1,0,1,0,0,0,0,0,0,Afghanistan
Mohammad Shahzad,2,84,72,0,4,84,73,0,69,2727,2048,0,133,3081,1550,0,40,131,118,0,17.25,33.67,29.26,0.0,51.88,88.52,132.13,0.0,0,3,3,0,12,323,229,0,1,55,76,0,0,4,4,0,0,14,12,0,0,6,1,0,0,0,0,0,0,0,0,0,0,0,0,0,0,0,0,0,0,0,0,0,0,0,0,0,0,0,0,0,0,0,0,0,0.0,0.0,0.0,0.0,0.0,0.0,0.0,0.0,0.0,0.0,0.0,0.0,-/-,-/-,-/-,-/-,-/-,-/-,-/-,-/-,0,0,0,0,0,0,0,0,0,0,0,0,Afghanistan
Mujeeb Ur Rahman,1,75,49,19,2,40,14,7,18,236,54,12,17,262,44,15,15,64,21,10,9.0,9.08,9.0,4.0,105.89,90.08,122.73,80.0,0,14,8,4,2,25,6,2,1,9,3,0,0,12,2,2,0,1,0,0,0,0,0,0,0,0,0,0,0,0,0,0,0,0,0,0,1,74,49,19,90,3968,1080,434,75,2863,1141,592,1,39,1,0,1,101,63,19,75.0,28.35,18.11,31.16,5.0,4.33,6.34,8.18,90.0,39.29,17.14,22.84,1/75,5/50,5/20,3/27,1/75,5/50,5/20,3/27,0,3,1,0,0,1,1,0,0,0,0,0,Afghanistan
Najibullah Zadran,0,92,107,0,0,84,95,0,0,2060,1830,0,0,2312,1328,0,0,104,73,0,0.0,29.01,29.05,0.0,0.0,89.11,137.81,0.0,0,13,32,0,0,178,126,0,0,68,97,0,0,4,7,0,0,15,8,0,0,1,0,0,0,0,0,0,0,0,0,0,0,0,0,0,0,2,0,0,0,30,0,0,0,30,0,0,0,0,0,0,0,0,0,0,0.0,0.0,0.0,0.0,0.0,6.0,0.0,0.0,0.0,0.0,0.0,0.0,-/-,0/9,-/-,-/-,-/-,0/9,-/-,-/-,0,0,0,0,0,0,0,0,0,0,0,0,Afghanistan
Noor Ali Zadran,2,51,22,0,4,50,23,0,117,1216,597,0,281,1924,586,0,47,114,63,0,29.25,24.32,27.14,0.0,41.64,63.21,101.88,0.0,0,0,1,0,14,132,55,0,0,4,9,0,0,4,1,0,0,7,4,0,0,1,0,0,0,0,0,0,0,0,0,0,0,0,0,0,0,0,0,0,0,0,0,0,0,0,0,0,0,0,0,0,0,0,0,0,0.0,0.0,0.0,0.0,0.0,0.0,0.0,0.0,0.0,0.0,0.0,0.0,-/-,-/-,-/-,-/-,-/-,-/-,-/-,-/-,0,0,0,0,0,0,0,0,0,0,0,0,Afghanistan
Rahmat Shah,11,123,1,0,21,118,1,0,970,3976,3,0,1820,5579,6,0,234,114,3,0,46.19,35.19,3.0,0.0,53.3,71.27,50.0,0.0,0,5,0,0,117,344,0,0,6,40,0,0,4,5,0,0,5,31,0,0,3,5,0,0,1,0,0,0,0,0,0,0,0,0,0,0,4,29,0,0,84,543,0,0,53,532,0,0,1,2,0,0,1,15,0,0,53.0,35.47,0.0,0.0,3.79,5.88,0.0,0.0,84.0,36.2,0.0,0.0,1/30,5/32,-/-,-/-,1/34,5/32,-/-,-/-,0,0,0,0,0,1,0,0,0,0,0,0,Afghanistan
Rashid Khan,6,114,96,122,9,87,59,60,154,1384,467,545,180,1320,370,337,51,60,48,79,17.11,19.49,13.74,14.73,85.56,104.85,126.22,161.73,0,16,25,23,18,120,31,39,4,49,28,38,0,8,7,15,1,5,0,1,0,0,0,0,0,0,0,0,0,0,0,0,0,0,0,0,11,106,96,122,1864,5741,2192,2883,920,4060,2222,3300,53,35,1,4,45,199,161,150,20.44,20.4,13.8,22.0,2.96,4.24,6.08,6.87,41.42,28.85,13.61,19.22,7/66,7/18,5/3,4/24,11/104,7/18,5/3,4/24,2,6,8,2,5,5,2,0,3,0,0,0,Afghanistan
Samiullah Shinwari,0,84,64,0,0,74,56,0,0,1811,1013,0,0,2765,858,0,0,96,61,0,0.0,29.21,22.02,0.0,0.0,65.5,118.07,0.0,0,12,10,0,0,137,76,0,0,26,37,0,0,1,2,0,0,11,2,0,0,0,0,0,0,0,0,0,0,0,0,0,0,0,0,0,0,65,38,0,0,2111,634,0,0,1729,688,0,0,10,0,0,0,45,28,0,0.0,38.42,24.57,0.0,0.0,4.91,6.51,0.0,0.0,46.91,22.64,0.0,-/-,4/31,5/13,-/-,-/-,4/31,5/13,-/-,0,1,1,0,0,0,1,0,0,0,0,0,Afghanistan
Aaron Finch,5,146,103,92,10,142,103,90,278,5406,3120,2091,618,6163,2189,1631,62,153,172,88,27.8,38.89,34.29,24.89,44.99,87.72,142.54,128.21,0,3,12,6,30,533,309,214,1,129,125,78,1,16,8,8,2,30,19,15,0,17,2,0,0,0,0,0,0,0,0,0,0,0,0,0,1,21,2,5,12,284,12,43,8,259,27,67,0,0,0,0,0,4,0,1,0.0,64.75,0.0,67.0,4.0,5.47,13.5,9.35,0.0,71.0,0.0,43.0,0/8,1/2,0/9,1/11,0/8,1/2,0/9,1/11,0,0,0,0,0,0,0,0,0,0,0,0,Australia
Steven Smith,116,170,67,103,206,154,55,93,10271,5800,1094,2485,19176,6669,872,1940,239,164,90,101,56.75,43.28,24.86,34.51,53.57,86.97,125.46,128.1,25,20,11,21,1116,521,96,225,61,58,26,60,11,8,1,1,41,35,5,11,36,12,0,1,4,0,0,0,0,0,0,0,0,0,0,0,62,40,17,1,1470,1076,291,2,1008,971,378,5,28,1,1,0,19,28,17,0,53.05,34.68,22.24,0.0,4.11,5.41,7.79,0.0,77.37,38.43,17.12,0.0,3/18,3/16,3/20,0/5,4/83,3/16,3/20,0/5,0,0,0,0,0,0,0,0,0,0,0,0,Australia
David Warner,112,161,110,184,205,159,110,184,8786,6932,3277,6565,12516,7127,2300,4697,335,179,100,126,44.6,45.01,33.44,40.52,70.2,97.27,142.48,139.78,8,5,12,22,1036,733,338,664,69,130,122,235,13,4,6,11,37,33,28,62,26,22,1,4,3,0,0,0,1,0,0,0,0,0,0,0,19,1,0,1,342,6,0,1,269,8,0,2,1,0,0,0,4,0,0,0,67.25,0.0,0.0,0.0,4.72,8.0,0.0,0.0,85.5,0.0,0.0,0.0,2/45,0/8,-/-,0/2,2/45,0/8,-/-,0/2,0,0,0,0,0,0,0,0,0,0,0,0,Australia
Marnus Labuschagne,57,63,1,0,102,56,1,0,4396,1869,2,0,8463,2228,4,0,215,124,2,0,46.77,35.94,2.0,0.0,51.95,83.89,50.0,0.0,8,4,0,0,490,154,0,0,12,10,0,0,4,3,0,0,23,12,0,0,11,2,0,0,2,0,0,0,0,0,0,0,0,0,0,0,46,14,0,0,1268,281,0,0,795,325,0,0,20,1,0,0,13,8,0,0,61.15,40.63,0.0,0.0,3.76,6.94,0.0,0.0,97.54,35.13,0.0,0.0,3/45,3/39,-/-,-/-,5/119,3/39,-/-,-/-,0,0,0,0,0,0,0,0,0,0,0,0,Australia
Joe Burns,23,6,5,0,40,6,5,0,1442,146,211,0,2557,184,146,0,180,69,108,0,36.97,24.33,70.33,0.0,56.4,79.35,144.53,0.0,1,0,2,0,183,16,18,0,14,1,9,0,6,1,1,0,7,1,1,0,4,0,1,0,0,0,0,0,0,0,0,0,0,0,0,0,0,0,0,0,0,0,0,0,0,0,0,0,0,0,0,0,0,0,0,0,0.0,0.0,0.0,0.0,0.0,0.0,0.0,0.0,0.0,0.0,0.0,0.0,-/-,-/-,-/-,-/-,-/-,-/-,-/-,-/-,0,0,0,0,0,0,0,0,0,0,0,0,Australia
Will Pucovski,1,0,0,0,2,0,0,0,72,0,0,0,126,0,0,0,62,0,0,0,36.0,0.0,0.0,0.0,57.15,0.0,0.0,0.0,0,0,0,0,6,0,0,0,0,0,0,0,0,0,0,0,1,0,0,0,0,0,0,0,0,0,0,0,0,0,0,0,0,0,0,0,0,0,0,0,0,0,0,0,0,0,0,0,0,0,0,0,0,0,0,0,0.0,0.0,0.0,0.0,0.0,0.0,0.0,0.0,0.0,0.0,0.0,0.0,-/-,-/-,-/-,-/-,-/-,-/-,-/-,-/-,0,0,0,0,0,0,0,0,0,0,0,0,Australia
Travis Head,56,73,38,26,93,70,37,26,3719,2767,1093,839,5472,2638,681,475,175,154,91,102,42.75,43.23,33.12,38.14,67.97,104.9,160.5,176.64,6,6,4,4,454,315,114,85,32,67,53,43,7,3,2,4,18,17,5,6,9,6,0,1,0,0,0,0,0,0,0,0,0,0,0,0,37,40,4,6,855,1125,36,58,515,1067,56,113,11,0,0,0,15,24,1,2,34.33,44.46,56.0,56.5,3.61,5.69,9.33,11.69,57.0,46.88,36.0,29.0,4/10,4/28,1/16,2/30,4/10,4/28,1/16,2/30,1,1,0,0,0,0,0,0,0,0,0,0,Australia
Glenn Maxwell,7,149,116,134,14,136,106,129,339,3990,2664,2771,570,3149,1719,1768,104,201,145,95,26.08,33.81,29.93,24.74,59.48,126.71,154.98,156.74,1,18,17,17,33,382,224,232,7,155,137,160,0,12,4,18,0,23,11,18,1,4,5,0,0,1,0,0,0,0,0,0,0,0,0,0,9,119,76,79,462,4002,985,944,341,3644,1321,1303,4,14,0,1,8,77,43,37,42.63,47.32,30.72,35.22,4.43,5.46,8.05,8.28,57.75,51.97,22.91,25.51,4/127,4/40,3/10,2/15,4/127,4/40,3/10,2/15,1,4,0,0,0,0,0,0,0,0,0,0,Australia
Marcus Stoinis,0,71,74,96,0,64,61,88,0,1495,1245,1866,0,1591,838,1314,0,146,78,124,0.0,26.7,31.92,28.27,0.0,93.97,148.57,142.01,0,8,22,22,0,134,99,150,0,49,63,91,0,5,2,9,0,6,5,9,0,1,0,1,0,0,0,0,0,0,0,0,0,0,0,0,0,64,48,62,0,2071,750,803,0,2070,1091,1274,0,5,0,0,0,48,45,43,0.0,43.13,24.24,29.63,0.0,6.0,8.73,9.52,0.0,43.15,16.67,18.67,-/-,3/16,4/23,4/15,-/-,3/16,4/23,4/15,0,0,1,1,0,0,0,0,0,0,0,0,Australia
Moises Henriques,4,16,24,62,8,15,21,54,164,117,355,1000,346,192,285,788,81,22,62,74,23.43,9.0,20.88,27.78,47.4,60.94,124.57,126.91,1,2,4,18,12,10,17,87,2,0,15,28,2,0,0,2,2,0,2,5,0,0,0,0,0,0,0,0,0,0,0,0,0,0,0,0,4,12,10,60,330,402,138,950,164,347,194,1289,12,1,0,0,2,8,7,42,82.0,43.38,27.71,30.69,2.98,5.18,8.43,8.14,165.0,50.25,19.71,22.62,1/48,3/32,3/22,3/12,1/48,3/32,3/22,3/12,0,0,0,0,0,0,0,0,0,0,0,0,Australia
Cameron Green,28,28,13,29,43,24,12,28,1377,626,263,707,2835,756,172,460,174,89,62,100,36.24,36.82,26.3,41.59,48.58,82.81,152.91,153.7,5,7,2,11,152,54,21,62,13,12,16,32,3,1,0,0,6,2,3,2,2,0,0,1,0,0,0,0,0,0,0,0,0,0,0,0,44,25,12,29,2190,814,188,439,1236,784,279,664,63,0,0,0,35,20,12,16,35.31,39.2,23.25,41.5,3.39,5.78,8.9,9.08,62.57,40.7,15.67,27.44,5/27,5/33,3/35,2/12,5/27,5/33,3/35,2/12,0,0,0,0,1,1,0,0,0,0,0,0,Australia
Ashton Agar,5,22,49,0,7,18,29,0,195,322,279,0,351,388,278,0,98,48,29,0,32.5,24.77,11.63,0.0,55.56,82.99,100.36,0.0,1,5,5,0,24,28,19,0,3,4,9,0,0,3,4,0,1,0,0,0,0,0,0,0,0,0,0,0,0,0,0,0,0,0,0,0,10,22,49,0,1006,1098,1042,0,468,958,1129,0,36,4,2,0,9,21,49,0,52.0,45.62,23.04,0.0,2.79,5.23,6.5,0.0,111.78,52.29,21.27,0.0,3/46,2/31,6/30,-/-,5/101,2/31,6/30,-/-,0,0,0,0,0,0,2,0,0,0,0,0,Australia
Daniel Sams,0,0,10,16,0,0,7,13,0,0,106,44,0,0,62,44,0,0,41,15,0.0,0.0,26.5,4.89,0.0,0.0,170.97,100.0,0,0,3,4,0,0,8,1,0,0,6,3,0,0,0,3,0,0,0,0,0,0,0,0,0,0,0,0,0,0,0,0,0,0,0,0,0,0,10,16,0,0,180,360,0,0,305,523,0,0,0,0,0,0,7,14,0.0,0.0,43.57,37.36,0.0,0.0,10.17,8.72,0.0,0.0,25.71,25.71,-/-,-/-,2/33,4/30,-/-,-/-,2/33,4/30,0,0,0,1,0,0,0,0,0,0,0,0,Australia
Michael Neser,2,4,0,1,3,4,0,0,56,11,0,0,72,29,0,0,35,6,0,0,18.67,2.75,0.0,0.0,77.78,37.94,0.0,0.0,0,0,0,0,7,0,0,0,1,0,0,0,0,1,0,0,0,0,0,0,0,0,0,0,0,0,0,0,0,0,0,0,0,0,0,0,4,4,0,1,281,220,0,24,117,239,0,62,11,2,0,0,7,3,0,0,16.71,79.67,0.0,0.0,2.5,6.52,0.0,15.5,40.14,73.33,0.0,0.0,3/22,2/46,-/-,0/62,5/56,2/46,-/-,0/62,0,0,0,0,0,0,0,0,0,0,0,0,Australia
Alex Carey,39,80,38,3,57,72,26,3,1757,2149,233,32,2824,2364,215,29,156,106,37,14,35.14,35.82,11.1,16.0,62.22,90.91,108.38,110.35,7,12,5,1,186,203,19,0,12,24,7,1,3,4,2,0,9,12,0,0,2,1,0,0,0,0,0,0,0,0,0,0,0,0,0,0,0,0,0,0,0,0,0,0,0,0,0,0,0,0,0,0,0,0,0,0,0.0,0.0,0.0,0.0,0.0,0.0,0.0,0.0,0.0,0.0,0.0,0.0,-/-,-/-,-/-,-/-,-/-,-/-,-/-,-/-,0,0,0,0,0,0,0,0,0,0,0,0,Australia
Matthew Wade,36,97,92,15,63,83,68,14,1613,1867,1202,183,3203,2288,896,177,117,100,80,35,29.87,26.3,26.13,13.07,50.36,81.6,134.16,103.39,9,12,22,0,175,129,95,23,12,34,46,2,3,5,1,0,5,11,3,0,4,1,0,0,0,0,0,0,0,0,0,0,0,0,0,0,4,0,0,0,30,0,0,0,28,0,0,0,1,0,0,0,0,0,0,0,0.0,0.0,0.0,0.0,5.6,0.0,0.0,0.0,0.0,0.0,0.0,0.0,0/0,-/-,-/-,-/-,0/0,-/-,-/-,-/-,0,0,0,0,0,0,0,0,0,0,0,0,Australia
Tim Paine,35,35,12,2,57,35,9,2,1535,890,82,10,3355,1257,77,26,92,111,25,8,32.66,27.81,10.25,5.0,45.76,70.81,106.5,38.47,10,3,1,0,172,96,7,0,4,6,3,0,4,1,2,0,9,5,0,0,0,1,0,0,0,0,0,0,0,0,0,0,0,0,0,0,0,0,0,0,0,0,0,0,0,0,0,0,0,0,0,0,0,0,0,0,0.0,0.0,0.0,0.0,0.0,0.0,0.0,0.0,0.0,0.0,0.0,0.0,-/-,-/-,-/-,-/-,-/-,-/-,-/-,-/-,0,0,0,0,0,0,0,0,0,0,0,0,Australia
Pat Cummins,67,90,57,59,97,59,27,42,1454,537,158,515,3155,703,133,345,64,37,28,66,17.31,14.51,10.53,19.81,46.09,76.39,118.8,149.28,13,22,12,16,144,43,11,33,31,12,7,34,13,8,4,4,3,0,0,3,0,0,0,0,0,0,0,0,0,0,0,0,0,0,0,0,125,90,57,59,13616,4683,1254,1343,6597,4116,1556,1983,496,46,4,2,294,143,66,63,22.44,28.78,23.58,31.48,2.91,5.27,7.44,8.86,46.31,32.75,19.0,21.32,6/23,5/70,3/15,4/34,10/62,5/70,3/15,4/34,17,6,0,1,13,1,0,0,2,0,0,0,Australia
Nathan Lyon,136,29,2,0,171,14,1,0,1595,77,4,0,3110,83,4,0,47,30,4,0,12.86,19.25,0.0,0.0,51.29,92.78,100.0,0.0,47,10,1,0,201,7,0,0,14,2,0,0,18,1,0,0,0,0,0,0,0,0,0,0,0,0,0,0,0,0,0,0,0,0,0,0,253,29,2,0,34103,1626,30,0,16699,1334,48,0,1078,11,0,0,553,29,1,0,30.2,46.0,48.0,0.0,2.94,4.92,9.6,0.0,61.67,56.07,30.0,0.0,8/50,4/44,1/33,-/-,13/154,4/44,1/33,-/-,26,1,0,0,24,0,0,0,5,0,0,0,Australia
Mitchell Starc,96,127,65,40,139,75,21,17,2217,577,98,105,3689,744,100,109,99,52,14,29,20.15,12.02,9.8,11.67,60.1,77.56,98.0,96.34,29,27,11,8,220,42,4,11,49,14,2,0,14,12,0,2,10,1,0,0,0,0,0,0,0,0,0,0,0,0,0,0,0,0,0,0,184,127,65,39,18535,6512,1458,831,10534,5712,1881,1137,591,55,2,1,382,244,79,51,27.58,23.41,23.81,22.29,3.41,5.26,7.74,8.21,48.52,26.69,18.46,16.29,6/48,6/28,4/20,4/15,11/94,6/28,4/20,4/15,20,12,1,2,15,9,0,0,2,0,0,0,Australia
Adam Zampa,0,111,95,21,0,55,22,5,0,362,68,15,0,545,76,24,0,36,13,7,0.0,10.06,5.67,3.0,0.0,66.43,89.48,62.5,0,19,10,0,0,31,7,1,0,2,0,0,0,6,3,1,0,0,0,0,0,0,0,0,0,0,0,0,0,0,0,0,0,0,0,0,0,111,94,21,0,5777,2057,443,0,5343,2458,606,0,15,1,0,0,187,117,30,0.0,28.57,21.01,20.2,0.0,5.55,7.17,8.21,0.0,30.89,17.58,14.77,-/-,5/35,5/19,6/19,-/-,5/35,5/19,6/19,0,11,2,0,0,1,1,1,0,0,0,0,Australia
Sean Abbott,0,28,20,3,0,21,7,3,0,374,25,22,0,388,27,18,0,69,12,14,0.0,19.68,5.0,7.33,0.0,96.4,92.6,122.23,0,2,2,0,0,32,1,1,0,13,1,2,0,1,2,0,0,2,0,0,0,0,0,0,0,0,0,0,0,0,0,0,0,0,0,0,0,28,20,3,0,1307,367,54,0,1244,545,104,0,9,1,0,0,33,26,1,0.0,37.7,20.96,104.0,0.0,5.71,8.91,11.56,0.0,39.61,14.12,54.0,-/-,3/23,4/31,1/47,-/-,3/23,4/31,1/47,0,0,1,0,0,0,0,0,0,0,0,0,Australia
Josh Hazlewood,72,91,52,28,88,35,10,6,510,131,29,19,1180,161,27,28,39,23,13,7,11.86,16.38,9.67,0.0,43.23,81.37,107.41,67.86,45,27,7,6,73,14,2,1,2,3,1,0,12,4,2,0,0,0,0,0,0,0,0,0,0,0,0,0,0,0,0,0,0,0,0,0,135,90,52,28,14817,4737,1186,627,6857,3763,1481,832,634,59,7,1,279,138,67,37,24.58,27.27,22.1,22.49,2.78,4.77,7.49,7.96,53.11,34.33,17.7,16.95,6/67,6/52,4/12,4/25,9/79,6/52,4/12,4/25,11,1,4,1,12,3,0,0,0,0,0,0,Australia
Andrew Tye,0,7,32,30,0,7,15,13,0,57,83,91,0,48,76,76,0,19,20,25,0.0,14.25,10.38,10.11,0.0,118.75,109.22,119.74,0,3,7,4,0,5,5,6,0,2,4,5,0,0,3,2,0,0,0,0,0,0,0,0,0,0,0,0,0,0,0,0,0,0,0,0,0,7,31,30,0,387,683,684,0,392,997,979,0,1,1,0,0,12,47,42,0.0,32.67,21.21,23.31,0.0,6.08,8.76,8.59,0.0,32.25,14.53,16.29,-/-,5/46,4/23,5/17,-/-,5/46,4/23,5/17,0,0,1,3,0,1,0,1,0,0,0,0,Australia
James Pattinson,21,15,4,10,25,8,2,2,417,42,5,15,971,80,3,13,47,13,5,11,26.06,10.5,0.0,15.0,42.95,52.5,166.67,115.39,9,4,2,1,44,2,1,2,7,0,0,0,2,0,0,0,0,0,0,0,0,0,0,0,0,0,0,0,0,0,0,0,0,0,0,0,38,15,4,10,3963,727,78,213,2133,681,104,320,142,6,0,0,81,16,3,11,26.33,42.56,34.67,29.09,3.23,5.62,8.0,9.01,48.93,45.44,26.0,19.36,5/27,4/51,2/17,2/19,8/105,4/51,2/17,2/19,4,1,0,0,4,0,0,0,0,0,0,0,Australia
Mitchell Swepson,4,3,8,0,5,1,5,0,28,2,32,0,54,2,23,0,15,2,14,0,7.0,2.0,0.0,0.0,51.86,100.0,139.14,0.0,1,0,5,0,3,0,1,0,0,0,2,0,1,0,0,0,0,0,0,0,0,0,0,0,0,0,0,0,0,0,0,0,0,0,0,0,7,3,8,0,892,158,150,0,458,161,204,0,14,0,0,0,10,3,11,0,45.8,53.67,18.55,0.0,3.08,6.11,8.16,0.0,89.2,52.67,13.64,0.0,3/55,2/53,3/12,-/-,5/89,2/53,3/12,-/-,0,0,0,0,0,0,0,0,0,0,0,0,Australia
Abu Jayed,13,2,3,0,22,0,2,0,36,0,3,0,157,0,7,0,8,0,2,0,2.57,0.0,1.5,0.0,22.93,0.0,42.86,0.0,8,0,0,0,4,0,0,0,0,0,0,0,7,0,0,0,0,0,0,0,0,0,0,0,0,0,0,0,0,0,0,0,0,0,0,0,18,2,3,0,1964,108,66,0,1118,114,106,0,64,0,0,0,30,5,4,0,37.27,22.8,26.5,0.0,3.42,6.33,9.64,0.0,65.47,21.6,16.5,0.0,04/71,05/58,02/27,-/-,6/130,05/58,02/27,-/-,3,0,0,0,0,1,0,0,0,0,0,0,bangladesh
Litton Das,48,94,95,1,84,93,93,1,2788,2569,2021,4,4740,2986,1619,4,141,176,83,4,33.59,29.53,22.46,4.0,58.82,86.04,124.84,100.0,1,6,3,0,345,274,210,1,16,45,58,0,2,15,6,0,17,12,11,0,4,5,0,0,0,0,0,0,0,0,0,0,0,0,0,0,1,0,0,0,12,0,0,0,13,0,0,0,0,0,0,0,0,0,0,0,0.0,0.0,0.0,0.0,6.5,0.0,0.0,0.0,0.0,0.0,0.0,0.0,0/13,-/-,-/-,-/-,0/13,-/-,-/-,-/-,0,0,0,0,0,0,0,0,0,0,0,0,bangladesh
Mahmudullah,50,239,141,0,94,209,130,0,2914,5689,2443,0,5456,7330,2083,0,150,128,64,0,33.11,36.47,23.49,0.0,53.41,77.62,117.29,0.0,6,53,26,0,338,426,184,0,24,107,77,0,11,10,5,0,16,32,8,0,5,4,0,0,0,0,0,0,0,0,0,0,0,0,0,0,66,153,80,0,3423,4380,950,0,1958,3810,1135,0,56,14,2,0,43,82,41,0,45.53,46.46,27.68,0.0,3.43,5.22,7.17,0.0,79.6,53.41,23.17,0.0,05/51,04/03,10/03,-/-,8/110,04/03,10/03,-/-,0,0,0,0,1,0,0,0,0,0,0,0,bangladesh
Mashrafe Mortaza,36,220,54,1,67,158,39,1,797,1787,377,2,1186,2041,278,2,79,51,36,2,12.85,13.75,13.46,0.0,67.21,87.56,135.62,100.0,5,28,11,1,95,149,28,0,22,62,23,0,12,15,6,0,3,1,0,0,0,0,0,0,0,0,0,0,0,0,0,0,0,0,0,0,51,220,53,1,5990,10928,1139,24,3239,8897,1528,58,202,123,1,0,78,270,42,0,41.53,32.95,36.38,0.0,3.24,4.88,8.05,14.5,76.79,40.47,27.12,0.0,04/60,06/26,04/19,0/58,05/88,06/26,04/19,0/58,4,7,1,0,0,1,0,0,0,0,0,0,bangladesh
Mehidy Hasan Miraz,51,105,29,0,93,76,24,0,1952,1617,354,0,3920,2105,305,0,103,112,46,0,23.52,24.5,17.7,0.0,49.8,76.82,116.07,0.0,10,10,4,0,231,137,29,0,20,27,10,0,6,4,2,0,9,6,0,0,1,2,0,0,0,0,0,0,0,0,0,0,0,0,0,0,89,102,26,0,12069,5037,378,0,6381,4061,539,0,299,35,0,0,190,110,14,0,33.58,36.92,38.5,0.0,3.17,4.84,8.56,0.0,63.52,45.79,27.0,0.0,07/58,04/25,12/04,-/-,12/117,04/25,12/04,-/-,9,5,1,0,10,0,0,0,2,0,0,0,bangladesh
Mohammad Mithun,10,34,17,0,18,30,13,0,333,714,127,0,752,921,136,0,67,73,47,0,18.5,27.46,10.58,0.0,44.29,77.53,93.39,0.0,0,4,1,0,32,61,10,0,3,16,4,0,4,2,2,0,2,6,0,0,0,0,0,0,0,0,0,0,0,0,0,0,0,0,0,0,0,1,0,0,0,12,0,0,0,12,0,0,0,0,0,0,0,0,0,0,0.0,0.0,0.0,0.0,0.0,6.0,0.0,0.0,0.0,0.0,0.0,0.0,-/-,0/12,-/-,-/-,-/-,0/12,-/-,-/-,0,0,0,0,0,0,0,0,0,0,0,0,bangladesh
Mohammad Saifuddin,0,29,38,0,0,19,21,0,0,362,206,0,0,422,180,0,0,51,39,0,0.0,36.2,18.73,0.0,0.0,85.79,114.45,0.0,0,9,10,0,0,29,16,0,0,6,7,0,0,1,2,0,0,2,0,0,0,0,0,0,0,0,0,0,0,0,0,0,0,0,0,0,0,28,38,0,0,1283,797,0,0,1279,1158,0,0,7,0,0,0,41,42,0,0.0,31.2,27.57,0.0,0.0,5.98,8.72,0.0,0.0,31.29,18.98,0.0,-/-,04/41,04/33,-/-,-/-,04/41,04/33,-/-,0,1,1,0,0,0,0,0,0,0,0,0,bangladesh
Mosaddek Hossain,4,43,33,0,8,35,31,0,173,634,389,0,375,762,341,0,75,52,48,0,28.83,25.36,18.52,0.0,46.14,83.21,114.08,0.0,2,10,10,0,13,58,26,0,4,13,11,0,1,1,4,0,1,3,0,0,0,0,0,0,0,0,0,0,0,0,0,0,0,0,0,0,6,41,26,0,162,1130,331,0,87,969,398,0,2,2,1,0,0,17,18,0,0.0,57.0,22.11,0.0,3.22,5.15,7.21,0.0,0.0,66.47,18.39,0.0,0/1,03/13,05/20,-/-,0/4,03/13,05/20,-/-,0,0,0,0,0,0,1,0,0,0,0,0,bangladesh
Mushfiqur Rahim,94,274,102,0,174,256,93,0,6007,7795,1500,0,12392,9780,1305,0,219,144,72,0,37.54,36.26,19.23,0.0,48.48,79.71,114.95,0.0,14,41,15,0,713,617,126,0,36,100,37,0,13,12,8,0,27,49,6,0,11,9,0,0,3,0,0,0,0,0,0,0,0,0,0,0,0,0,0,0,0,0,0,0,0,0,0,0,0,0,0,0,0,0,0,0,0.0,0.0,0.0,0.0,0.0,0.0,0.0,0.0,0.0,0.0,0.0,0.0,-/-,-/-,-/-,-/-,-/-,-/-,-/-,-/-,0,0,0,0,0,0,0,0,0,0,0,0,bangladesh
Mustafizur Rahman,15,109,106,57,22,54,32,9,66,166,87,13,162,319,117,23,16,20,15,8,4.4,7.9,4.58,13.0,40.75,52.04,74.36,56.53,7,33,13,8,3,18,3,0,5,1,5,1,8,9,7,0,0,0,0,0,0,0,0,0,0,0,0,0,0,0,0,0,0,0,0,0,25,108,105,57,2145,5279,2278,1298,1139,4556,2854,1762,76,35,8,2,31,174,132,61,36.74,26.18,21.62,28.89,3.19,5.18,7.52,8.14,69.19,30.34,17.26,21.28,04/37,06/43,10/06,04/29,05/66,06/43,10/06,04/29,2,6,3,1,0,5,2,0,0,0,0,0,bangladesh
Rubel Hossain,27,104,28,0,47,53,15,0,265,144,20,0,603,277,36,0,45,17,8,0,9.46,4.97,4.0,0.0,43.95,51.99,55.56,0.0,19,24,10,0,34,14,1,0,4,2,0,0,7,11,4,0,0,0,0,0,0,0,0,0,0,0,0,0,0,0,0,0,0,0,0,0,44,102,27,0,4223,4678,579,0,2764,4427,912,0,73,29,0,0,36,129,28,0,76.78,34.32,32.57,0.0,3.93,5.68,9.45,0.0,117.31,36.26,20.68,0.0,5/166,06/26,03/31,-/-,5/210,06/26,03/31,-/-,0,7,0,0,1,1,0,0,0,0,0,0,bangladesh
Sabbir Rahman,11,66,48,0,22,59,47,0,481,1333,977,0,875,1461,819,0,66,102,80,0,24.05,25.63,23.26,0.0,54.98,91.24,119.3,0.0,2,7,5,0,56,153,92,0,6,24,29,0,5,5,3,0,4,6,4,0,0,1,0,0,0,0,0,0,0,0,0,0,0,0,0,0,7,21,9,0,144,306,73,0,98,345,79,0,1,0,0,0,0,3,6,0,0.0,115.0,13.17,0.0,4.08,6.76,6.49,0.0,0.0,102.0,12.17,0.0,0/9,12/01,11/03,-/-,0/9,12/01,11/03,-/-,0,0,0,0,0,0,0,0,0,0,0,0,bangladesh
Shakib Al Hasan,71,247,129,71,130,234,126,52,4609,7570,2551,793,7473,9138,2104,637,217,134,84,66,37.78,37.11,23.19,19.83,61.68,82.85,121.25,124.49,8,30,16,12,556,699,258,73,28,54,53,21,6,12,9,4,31,56,13,2,5,9,0,0,1,0,0,0,0,0,0,0,0,0,0,0,121,241,126,70,15675,12575,2745,1484,7803,9360,3116,1839,487,102,3,1,246,317,149,63,31.72,29.53,20.91,29.19,2.99,4.47,6.81,7.44,63.72,39.67,18.42,23.56,07/36,05/29,05/20,03/17,10/124,05/29,05/20,03/17,11,10,6,0,19,4,2,0,2,0,0,0,bangladesh
Soumya Sarkar,16,76,87,0,30,71,86,0,831,2198,1462,0,1442,2282,1197,0,149,169,68,0,27.7,32.32,17.83,0.0,57.63,96.32,122.14,0.0,0,3,4,0,109,256,145,0,9,52,55,0,2,9,13,0,4,13,5,0,1,3,0,0,0,0,0,0,0,0,0,0,0,0,0,0,12,27,28,0,508,558,288,0,336,567,451,0,3,1,0,0,4,16,12,0,84.0,35.44,37.58,0.0,3.97,6.1,9.4,0.0,127.0,34.88,24.0,0.0,02/68,03/18,02/19,-/-,02/68,03/18,02/19,-/-,0,0,0,0,0,0,0,0,0,0,0,0,bangladesh
Tamim Iqbal,70,243,78,0,134,240,78,0,5134,8357,1758,0,8852,10642,1500,0,206,158,103,0,38.89,36.65,24.08,0.0,58.0,78.53,117.2,0.0,2,12,5,0,656,925,189,0,41,103,45,0,11,19,6,0,31,56,7,0,10,14,1,0,1,0,0,0,0,0,0,0,0,0,0,0,5,2,0,0,30,6,0,0,20,13,0,0,0,0,0,0,0,0,0,0,0.0,0.0,0.0,0.0,4.0,13.0,0.0,0.0,0.0,0.0,0.0,0.0,0/1,0/6,-/-,-/-,0/1,0/6,-/-,-/-,0,0,0,0,0,0,0,0,0,0,0,0,bangladesh
Colin Munro,1,57,65,13,2,53,62,12,15,1271,1724,177,26,1214,1102,141,15,87,109,40,7.5,24.92,31.35,14.75,57.7,104.7,156.45,125.54,0,2,7,0,3,137,132,19,0,36,107,8,1,7,5,2,0,8,11,0,0,0,3,0,0,0,0,0,0,0,0,0,0,0,0,0,1,25,12,2,108,552,118,12,40,481,186,15,4,1,0,0,2,7,4,0,20.0,68.71,46.5,0.0,2.22,5.23,9.46,7.5,54.0,78.86,29.5,0.0,2/40,2/10,1/12,0/7,2/40,2/10,1/12,0/7,0,0,0,0,0,0,0,0,0,0,0,0,data_final_NZ
Colin de Grandhomme,29,45,41,25,44,35,39,21,1432,742,503,303,1780,699,365,225,120,74,59,40,38.7,26.5,15.72,18.94,80.45,106.16,137.81,134.67,7,7,7,5,141,58,27,18,41,29,30,18,6,2,6,3,8,4,3,0,2,0,0,0,0,0,0,0,0,0,0,0,0,0,0,0,53,45,21,19,4054,1548,321,216,1615,1230,461,319,163,10,0,0,49,30,12,6,32.96,41.0,38.42,53.17,2.39,4.77,8.62,8.86,82.73,51.6,26.75,36.0,6/41,3/26,2/22,3/4,7/64,3/26,2/22,3/4,1,0,0,0,1,0,0,0,0,0,0,0,data_final_NZ
Henry Nicholls,56,78,10,0,87,76,9,0,2973,2116,100,0,5922,2616,112,0,200,124,36,0,37.16,35.27,12.5,0.0,50.21,80.89,89.29,0.0,7,16,1,0,322,193,9,0,9,19,0,0,6,6,0,0,12,15,0,0,9,1,0,0,1,0,0,0,0,0,0,0,0,0,0,0,0,0,0,0,0,0,0,0,0,0,0,0,0,0,0,0,0,0,0,0,0.0,0.0,0.0,0.0,0.0,0.0,0.0,0.0,0.0,0.0,0.0,0.0,-/-,-/-,-/-,-/-,-/-,-/-,-/-,-/-,0,0,0,0,0,0,0,0,0,0,0,0,data_final_NZ
Ish Sodhi,21,55,123,8,31,27,39,2,561,217,197,7,1194,291,194,17,65,35,19,6,20.78,9.86,7.3,3.5,46.99,74.58,101.55,41.18,4,5,12,0,68,8,12,0,7,11,9,0,5,6,6,0,4,0,0,0,0,0,0,0,0,0,0,0,0,0,0,0,0,0,0,0,38,51,118,8,4043,2587,2477,181,2500,2384,3301,202,91,12,0,1,58,64,143,9,43.1,37.25,23.08,22.44,3.71,5.53,8.0,6.7,69.71,40.42,17.32,20.11,6/86,6/39,4/28,3/26,8/173,6/39,4/28,3/26,2,1,3,0,1,1,0,0,0,0,0,0,data_final_NZ
James Neesham,12,76,82,14,22,65,66,10,709,1495,955,92,1069,1496,627,93,137,97,48,22,33.76,28.21,21.22,10.22,66.33,99.94,152.32,98.93,1,12,21,1,88,128,73,6,11,38,51,2,2,3,6,2,4,7,0,0,2,0,0,0,0,0,0,0,0,0,0,0,0,0,0,0,21,72,56,13,1076,2448,747,216,675,2556,1127,334,18,6,0,0,14,71,42,8,48.21,36.0,26.83,41.75,3.76,6.26,9.05,9.28,76.86,34.48,17.79,27.0,3/42,5/27,3/16,3/12,3/42,5/27,3/16,3/12,0,2,0,0,0,2,0,0,0,0,0,0,data_final_NZ
Kane Williamson,105,173,93,79,186,165,90,77,9276,7236,2575,2128,17913,8853,2094,1694,251,148,95,89,54.89,48.89,33.01,35.47,51.79,81.74,122.98,125.62,17,17,12,17,1031,666,245,185,27,60,58,64,11,5,4,2,37,47,18,18,33,15,0,0,6,0,0,0,0,0,0,0,0,0,0,0,67,65,12,2,2151,1467,118,18,1207,1310,164,31,48,2,0,0,30,37,6,0,40.23,35.41,27.33,0.0,3.37,5.36,8.34,10.33,71.7,39.65,19.67,0.0,4/44,4/22,2/16,0/7,4/44,4/22,2/16,0/7,1,1,0,0,0,0,0,0,0,0,0,0,data_final_NZ
Lockie Ferguson,1,65,43,45,2,30,15,10,1,122,29,68,9,235,36,46,1,19,14,24,0.0,7.18,3.63,22.67,11.12,51.92,80.56,147.83,2,13,7,7,0,6,0,6,0,3,2,2,0,4,4,1,0,0,0,0,0,0,0,0,0,0,0,0,0,0,0,0,0,0,0,0,1,64,43,45,66,3300,919,955,47,3124,1087,1426,1,13,5,1,0,99,64,46,0.0,31.56,16.98,31.0,4.27,5.68,7.1,8.96,0.0,33.33,14.36,20.76,0/47,5/45,5/21,4/28,0/47,5/45,5/21,4/28,0,2,2,1,0,1,1,0,0,0,0,0,data_final_NZ
Martin Guptill,47,198,122,13,89,195,118,13,2586,7346,3531,270,5548,8414,2602,196,189,237,105,50,29.39,41.5,31.81,22.5,46.62,87.31,135.71,137.76,1,18,7,1,326,751,310,24,23,187,173,15,10,16,3,1,17,39,20,1,3,18,2,0,0,1,0,0,0,0,0,0,0,0,0,0,18,12,1,0,428,109,6,0,298,98,11,0,9,0,0,0,8,4,0,0,37.25,24.5,0.0,0.0,4.18,5.39,11.0,0.0,53.5,27.25,0.0,0.0,3/11,2/6,0/11,-/-,3/11,2/6,0/11,-/-,0,0,0,0,0,0,0,0,0,0,0,0,data_final_NZ
Matt Henry,30,91,21,6,42,38,7,0,649,270,24,0,834,290,27,0,72,48,12,0,18.03,10.38,6.0,0.0,77.82,93.11,88.89,0.0,6,12,3,0,87,22,2,0,20,11,1,0,9,7,1,0,4,0,0,0,0,0,0,0,0,0,0,0,0,0,0,0,0,0,0,0,59,89,20,6,6750,4734,462,102,3581,4094,639,181,231,57,1,0,120,165,27,2,29.84,24.81,23.67,90.5,3.18,5.19,8.3,10.65,56.25,28.69,17.11,51.0,7/23,5/30,3/32,1/28,9/55,5/30,3/32,1/28,6,12,0,0,4,3,0,0,0,0,0,0,data_final_NZ
Mitchell Santner,30,118,109,19,43,86,74,12,1066,1438,725,81,2270,1584,603,84,126,67,77,22,26.0,26.15,16.86,11.57,46.97,90.79,120.24,96.43,2,31,31,5,119,105,55,5,32,41,24,3,3,3,5,1,4,3,1,0,1,0,0,0,0,0,0,0,0,0,0,0,0,0,0,0,51,112,107,19,5346,5607,2268,379,2526,4505,2661,446,178,24,2,0,74,126,120,15,34.14,35.75,22.18,29.73,2.84,4.82,7.04,7.06,72.24,44.5,18.9,25.27,7/53,5/50,4/11,2/13,13/157,5/50,4/11,2/13,1,0,3,0,2,2,0,0,1,0,0,0,data_final_NZ
Ross Taylor,112,236,102,55,196,220,94,54,7684,8602,1909,1017,12957,10331,1560,822,290,181,63,81,44.16,47.52,25.45,25.43,59.31,83.27,122.38,123.73,22,39,19,14,932,712,122,66,55,147,71,46,14,9,6,3,35,51,7,3,19,21,0,0,3,0,0,0,0,0,0,0,0,0,0,0,8,6,0,2,99,42,0,12,48,35,0,24,3,0,0,0,3,0,0,0,16.0,0.0,0.0,0.0,2.91,5.0,0.0,12.0,33.0,0.0,0.0,0.0,2/4,0/0,-/-,0/11,2/4,0/0,-/-,0/11,0,0,0,0,0,0,0,0,0,0,0,0,data_final_NZ
Tim Southee,107,161,125,54,155,96,50,20,2245,742,303,120,2715,771,218,107,77,55,39,36,15.48,12.16,11.22,9.23,82.69,96.24,139.0,112.15,10,35,23,7,215,59,20,8,98,26,18,4,21,13,6,3,7,1,0,0,0,0,0,0,0,0,0,0,0,0,0,0,0,0,0,0,203,159,123,54,23490,8075,2753,1206,11832,7447,3671,1742,888,80,7,2,391,221,164,47,30.26,33.7,22.38,37.06,3.02,5.53,8.0,8.67,60.08,36.54,16.79,25.66,7/64,7/33,5/18,3/20,10/108,7/33,5/18,3/20,19,5,2,0,15,3,2,0,1,0,0,0,data_final_NZ
Tom Blundell,40,12,9,0,69,12,8,0,2138,266,91,0,4013,307,94,0,138,68,30,0,34.48,29.56,15.17,0.0,53.28,86.65,96.81,0.0,7,3,2,0,259,28,10,0,16,2,0,0,6,0,0,0,11,2,0,0,5,0,0,0,0,0,0,0,0,0,0,0,0,0,0,0,1,0,0,0,18,0,0,0,13,0,0,0,0,0,0,0,0,0,0,0,0.0,0.0,0.0,0.0,4.33,0.0,0.0,0.0,0.0,0.0,0.0,0.0,0/13,-/-,-/-,-/-,0/13,-/-,-/-,-/-,0,0,0,0,0,0,0,0,0,0,0,0,data_final_NZ
Tom Latham,88,157,26,0,158,144,23,0,5835,4361,516,0,12283,5090,474,0,264,145,65,0,38.39,34.61,25.8,0.0,47.51,85.68,108.87,0.0,6,18,3,0,665,364,42,0,19,60,8,0,13,14,1,0,31,26,3,0,13,8,0,0,2,0,0,0,0,0,0,0,0,0,0,0,0,0,0,0,0,0,0,0,0,0,0,0,0,0,0,0,0,0,0,0,0.0,0.0,0.0,0.0,0.0,0.0,0.0,0.0,0.0,0.0,0.0,0.0,-/-,-/-,-/-,-/-,-/-,-/-,-/-,-/-,0,0,0,0,0,0,0,0,0,0,0,0,data_final_NZ
Trent Boult,78,114,61,104,94,52,15,28,759,216,58,84,1264,279,64,80,52,21,16,17,15.81,9.0,8.29,9.33,60.05,77.42,90.63,105.0,46,28,8,19,82,20,3,5,30,7,2,3,13,2,1,3,1,0,0,0,0,0,0,0,0,0,0,0,0,0,0,0,0,0,0,0,149,113,61,104,17417,6180,1389,2355,8717,5146,1779,3257,655,76,4,11,317,211,83,121,27.5,24.39,21.43,26.92,3.0,5.0,7.68,8.3,54.94,29.29,16.73,19.46,6/30,7/34,4/13,4/18,10/80,7/34,4/13,4/18,18,10,2,1,10,6,0,0,1,0,0,0,data_final_NZ
Adil Rashid,19,149,124,3,33,79,41,2,540,934,155,22,1270,971,175,16,61,69,22,18,19.29,17.3,7.38,11.0,42.52,96.19,88.58,137.5,5,25,20,0,62,91,12,2,4,13,1,1,3,8,3,0,2,1,0,0,0,0,0,0,0,0,0,0,0,0,0,0,0,0,0,0,34,143,119,3,3816,7517,2600,60,2390,7058,3190,91,50,14,5,0,60,215,131,2,39.83,32.83,24.35,45.5,3.76,5.63,7.36,9.1,63.6,34.96,19.85,30.0,5/49,5/27,4/2,2/23,7/178,5/27,4/2,2/23,5,9,3,0,2,2,0,0,0,0,0,0,England
Ben Stokes,110,114,43,45,198,99,36,44,6719,3463,585,935,11251,3619,457,698,258,182,52,107,35.55,41.23,21.67,24.61,59.72,95.69,128.01,133.96,9,15,9,6,779,282,42,81,133,109,22,32,15,7,1,3,35,24,1,2,13,5,0,2,1,0,0,0,0,0,0,0,0,0,0,0,160,88,36,38,12252,3110,612,689,6798,3137,856,992,359,8,1,2,210,74,26,28,32.37,42.39,32.92,35.43,3.33,6.05,8.39,8.64,58.34,42.03,23.54,24.61,6/22,5/61,3/26,3/15,8/161,5/61,3/26,3/15,8,1,0,0,4,1,0,0,0,0,0,0,England
Chris Jordan,8,35,95,34,11,24,57,13,180,184,439,81,320,211,340,77,35,38,36,30,18.0,12.27,13.72,8.1,56.25,87.21,129.12,105.2,1,9,25,3,24,12,31,3,1,5,21,3,0,3,3,1,0,0,0,0,0,0,0,0,0,0,0,0,0,0,0,0,0,0,0,0,16,35,94,34,1530,1660,1953,668,752,1660,2846,1070,74,5,2,1,21,46,108,30,35.81,36.09,26.35,35.67,2.95,6.0,8.74,9.61,72.86,36.09,18.08,22.27,4/18,5/29,4/6,4/11,7/50,5/29,4/6,4/11,1,0,4,1,0,1,0,0,0,0,0,0,England
Chris Woakes,57,122,33,21,92,88,17,12,1970,1524,146,78,3688,1710,117,77,137,95,37,18,26.27,23.81,16.22,13.0,53.42,89.13,124.79,101.3,17,24,8,6,250,118,9,7,7,21,7,2,10,8,2,0,7,6,0,0,1,0,0,0,0,0,0,0,0,0,0,0,0,0,0,0,109,118,33,21,10133,5737,611,440,5112,5193,822,658,380,53,1,0,181,173,31,30,28.24,30.02,26.52,21.93,3.03,5.43,8.07,8.97,55.98,33.16,19.71,14.67,6/17,6/45,3/4,3/6,11/102,6/45,3/4,3/6,5,11,0,0,5,3,0,0,1,0,0,0,England
Dawid Malan,22,30,62,1,39,30,60,1,1074,1450,1892,26,2622,1488,1428,26,140,140,103,26,27.54,55.77,36.38,26.0,40.97,97.45,132.5,100.0,0,4,8,0,146,150,194,1,1,32,62,1,2,5,2,0,9,7,16,0,1,6,1,0,0,0,0,0,0,0,0,0,0,0,0,0,8,2,1,0,222,15,12,0,131,17,27,0,4,0,0,0,2,1,1,0,65.5,17.0,27.0,0.0,3.54,6.8,13.5,0.0,111.0,15.0,12.0,0.0,2/33,1/5,1/27,-/-,2/33,1/5,1/27,-/-,0,0,0,0,0,0,0,0,0,0,0,0,England
Eoin Morgan,16,248,115,83,24,230,106,75,700,7701,2458,1405,1278,8447,1805,1146,130,148,91,68,30.43,39.09,28.58,22.66,54.78,91.17,136.18,122.61,1,33,20,13,77,654,186,112,6,220,120,64,4,18,3,6,3,47,14,5,2,14,0,0,0,0,0,0,0,0,0,0,0,0,0,0,0,0,0,0,0,0,0,0,0,0,0,0,0,0,0,0,0,0,0,0,0.0,0.0,0.0,0.0,0.0,0.0,0.0,0.0,0.0,0.0,0.0,0.0,-/-,-/-,-/-,-/-,-/-,-/-,-/-,-/-,0,0,0,0,0,0,0,0,0,0,0,0,England
Jason Roy,5,116,64,21,10,110,64,21,187,4271,1522,614,318,4047,1106,443,72,180,78,91,18.7,39.92,23.78,32.32,58.81,105.54,137.62,138.61,0,3,0,2,26,511,153,75,1,81,69,21,1,11,7,0,1,21,8,4,0,12,0,0,0,0,0,0,0,0,0,0,0,0,0,0,0,0,0,0,0,0,0,0,0,0,0,0,0,0,0,0,0,0,0,0,0.0,0.0,0.0,0.0,0.0,0.0,0.0,0.0,0.0,0.0,0.0,0.0,-/-,-/-,-/-,-/-,-/-,-/-,-/-,-/-,0,0,0,0,0,0,0,0,0,0,0,0,England
Joe Root,152,177,32,3,278,166,30,1,12972,6859,893,10,22568,7881,707,15,262,133,90,10,50.87,47.97,35.72,10.0,57.48,87.04,126.31,66.67,23,23,5,0,1394,548,92,1,45,51,16,0,13,9,2,0,65,41,5,0,36,17,0,0,6,0,0,0,0,0,0,0,0,0,0,0,156,77,9,1,5851,1755,84,12,3221,1731,139,14,158,2,0,0,71,28,6,0,45.37,61.82,23.17,0.0,3.3,5.92,9.93,7.0,82.41,62.68,14.0,0.0,5/8,3/52,2/9,0/14,5/33,3/52,2/9,0/14,2,0,0,0,1,0,0,0,0,0,0,0,England
Jofra Archer,13,31,34,41,20,18,12,26,155,162,82,200,306,150,62,129,30,38,21,27,7.75,18.0,11.71,15.38,50.66,108.0,132.26,155.04,0,9,5,13,22,18,6,11,1,5,4,14,3,2,3,3,0,0,0,0,0,0,0,0,0,0,0,0,0,0,0,0,0,0,0,0,24,31,34,41,2609,1631,754,969,1304,1421,1002,1247,95,18,2,2,42,54,41,48,31.05,26.31,24.44,25.98,3.0,5.23,7.97,7.72,62.12,30.2,18.39,20.19,6/45,6/40,4/33,3/15,8/85,6/40,4/33,3/15,0,0,1,0,3,1,0,0,0,0,0,0,England
Jonny Bairstow,100,107,80,50,178,98,72,50,6042,3868,1671,1589,10228,3758,1215,1100,167,141,90,114,36.4,42.98,29.84,34.54,59.08,102.93,137.54,144.46,12,8,16,4,721,437,148,166,56,92,76,69,17,9,6,3,26,17,10,9,12,11,0,2,0,0,0,0,0,0,0,0,0,0,0,0,0,0,0,0,0,0,0,0,0,0,0,0,0,0,0,0,0,0,0,0,0.0,0.0,0.0,0.0,0.0,0.0,0.0,0.0,0.0,0.0,0.0,0.0,-/-,-/-,-/-,-/-,-/-,-/-,-/-,-/-,0,0,0,0,0,0,0,0,0,0,0,0,England
Jos Buttler,57,187,134,107,100,160,123,106,2907,5196,3535,3582,5365,4506,2411,2428,152,162,101,124,31.95,39.07,35.35,38.11,54.19,115.32,146.62,147.53,9,27,23,12,339,414,322,355,33,173,152,161,9,14,8,7,18,27,26,19,2,11,1,7,0,0,0,0,0,0,0,0,0,0,0,0,0,0,0,0,0,0,0,0,0,0,0,0,0,0,0,0,0,0,0,0,0.0,0.0,0.0,0.0,0.0,0.0,0.0,0.0,0.0,0.0,0.0,0.0,-/-,-/-,-/-,-/-,-/-,-/-,-/-,-/-,0,0,0,0,0,0,0,0,0,0,0,0,England
Lewis Gregory,0,3,9,0,0,2,7,0,0,117,45,0,0,116,41,0,0,77,15,0,0.0,58.5,7.5,0.0,0.0,100.87,109.76,0.0,0,0,1,0,0,10,2,0,0,3,2,0,0,0,1,0,0,1,0,0,0,0,0,0,0,0,0,0,0,0,0,0,0,0,0,0,0,3,5,0,0,114,78,0,0,97,117,0,0,1,0,0,0,4,2,0,0.0,24.25,58.5,0.0,0.0,5.11,9.0,0.0,0.0,28.5,39.0,0.0,-/-,3/44,1/10,-/-,-/-,3/44,1/10,-/-,0,0,0,0,0,0,0,0,0,0,0,0,England
Liam Livingstone,1,39,60,40,2,36,47,40,16,932,955,954,18,862,641,583,9,124,103,94,16.0,31.07,25.13,28.91,88.89,108.13,148.99,163.64,1,6,9,7,0,58,54,68,1,50,59,67,0,4,3,1,0,4,2,6,0,1,1,0,0,0,0,0,0,0,0,0,0,0,0,0,0,31,41,23,0,968,576,270,0,982,838,407,0,2,1,0,0,25,33,11,0.0,39.28,25.39,37.0,0.0,6.09,8.73,9.04,0.0,38.72,17.45,24.55,-/-,3/16,3/17,3/27,-/-,3/16,3/17,3/27,0,0,0,0,0,0,0,0,0,0,0,0,England
Mark Wood,37,70,38,5,62,29,7,3,807,168,27,12,1141,167,28,8,52,43,10,10,15.82,12.92,13.5,6.0,70.73,100.6,96.43,150.0,11,16,5,1,107,16,2,1,20,5,0,1,10,5,1,0,1,0,0,0,0,0,0,0,0,0,0,0,0,0,0,0,0,0,0,0,69,69,37,5,6544,3506,776,120,3621,3267,1099,179,196,19,1,1,119,80,54,11,30.43,40.84,20.35,16.27,3.32,5.59,8.5,8.95,54.99,43.83,14.37,10.91,6/37,4/33,3/9,5/14,9/100,4/33,3/9,5/14,3,2,0,0,5,0,0,1,0,0,0,0,England
Moeen Ali,68,138,92,67,118,112,75,57,3094,2355,1229,1162,5973,2398,863,821,155,128,72,93,28.13,24.28,21.19,22.78,51.8,98.21,142.42,141.54,8,15,17,6,375,203,88,95,34,78,68,67,15,6,9,5,15,6,7,6,5,3,0,0,0,0,0,0,0,0,0,0,0,0,0,0,119,128,71,52,12610,5988,999,758,7612,5311,1384,893,292,13,1,0,204,111,51,35,37.31,47.85,27.14,25.51,3.62,5.32,8.31,7.07,61.81,53.95,19.59,21.66,6/53,4/46,3/24,4/26,10/112,4/46,3/24,4/26,13,2,0,1,5,0,0,0,1,0,0,0,England
Olly Stone,5,10,1,0,10,6,1,0,102,24,0,0,234,35,1,0,20,9,0,0,11.33,8.0,0.0,0.0,43.59,68.58,0.0,0.0,1,3,0,0,12,2,0,0,1,0,0,0,2,0,1,0,0,0,0,0,0,0,0,0,0,0,0,0,0,0,0,0,0,0,0,0,9,9,1,0,610,394,24,0,400,399,36,0,17,2,0,0,17,9,0,0,23.53,44.33,0.0,0.0,3.93,6.08,9.0,0.0,35.88,43.78,0.0,0.0,3/29,4/85,0/36,-/-,4/68,4/85,0/36,-/-,0,1,0,0,0,0,0,0,0,0,0,0,England
Reece Topley,0,30,35,5,0,14,10,1,0,35,17,3,0,70,20,6,0,15,9,3,0.0,11.67,8.5,0.0,0.0,50.0,85.0,50.0,0,11,8,1,0,3,1,0,0,1,0,0,0,1,1,0,0,0,0,0,0,0,0,0,0,0,0,0,0,0,0,0,0,0,0,0,0,30,35,5,0,1392,706,102,0,1257,978,182,0,17,0,0,0,47,33,5,0.0,26.74,29.64,36.4,0.0,5.42,8.31,10.71,0.0,29.62,21.39,20.4,-/-,6/24,3/22,2/27,-/-,6/24,3/22,2/27,0,2,0,0,0,1,0,0,0,0,0,0,England
Sam Billings,3,28,37,30,3,23,33,27,66,702,478,503,114,771,368,388,36,118,87,56,22.0,33.43,17.07,19.35,57.9,91.06,129.9,129.64,0,2,5,1,10,74,41,40,0,8,16,20,0,1,1,3,0,5,2,3,0,1,0,0,0,0,0,0,0,0,0,0,0,0,0,0,0,0,0,0,0,0,0,0,0,0,0,0,0,0,0,0,0,0,0,0,0.0,0.0,0.0,0.0,0.0,0.0,0.0,0.0,0.0,0.0,0.0,0.0,-/-,-/-,-/-,-/-,-/-,-/-,-/-,-/-,0,0,0,0,0,0,0,0,0,0,0,0,England
Sam Curran,24,35,58,60,38,27,34,49,815,597,356,887,1271,649,286,656,78,95,50,63,24.7,24.88,14.24,24.64,64.13,91.99,124.48,135.22,5,3,9,13,96,37,21,74,21,22,15,37,7,1,0,4,3,2,1,5,0,0,0,0,0,0,0,0,0,0,0,0,0,0,0,0,42,35,57,59,3091,1325,1043,1187,1669,1376,1462,1913,96,10,2,0,47,33,54,58,35.51,41.7,27.07,32.98,3.24,6.23,8.41,9.67,65.77,40.15,19.31,20.47,4/58,5/48,5/10,4/11,5/92,5/48,5/10,4/11,2,1,0,1,0,1,1,0,0,0,0,0,England
Tom Curran,2,28,30,13,3,17,13,10,66,303,64,127,120,321,56,107,39,47,14,54,33.0,37.88,10.67,25.4,55.0,94.4,114.29,118.7,1,9,7,5,12,29,1,10,0,5,4,3,0,2,0,0,0,0,0,1,0,0,0,0,0,0,0,0,0,0,0,0,0,0,0,0,3,28,29,13,396,1308,588,238,200,1290,907,430,14,8,1,0,2,34,29,13,100.0,37.94,31.28,33.08,3.03,5.92,9.26,10.84,198.0,38.47,20.28,18.31,1/65,5/35,4/36,3/29,1/82,5/35,4/36,3/29,0,2,1,0,0,1,0,0,0,0,0,0,England
Ajinkya Rahane,85,90,20,185,144,87,20,171,5077,2962,375,4642,10256,3767,331,3761,188,111,61,105,38.46,35.26,20.83,30.14,49.51,78.64,113.3,123.43,12,3,2,17,579,293,32,478,35,33,6,103,10,6,2,13,26,24,1,30,12,3,0,2,0,0,0,0,0,0,0,0,0,0,0,0,0,0,0,1,0,0,0,6,0,0,0,5,0,0,0,0,0,0,0,1,0.0,0.0,0.0,5.0,0.0,0.0,0.0,5.0,0.0,0.0,0.0,6.0,-/-,-/-,-/-,05/01,-/-,-/-,-/-,05/01,0,0,0,0,0,0,0,0,0,0,0,0,india
Cheteshwar Pujara,103,5,0,30,176,5,0,22,7195,51,0,390,16217,130,0,391,206,27,0,51,43.61,10.2,0.0,20.53,44.37,39.24,0.0,99.75,11,0,0,3,863,4,0,50,16,0,0,4,12,2,0,1,35,0,0,1,19,0,0,0,3,0,0,0,0,0,0,0,0,0,0,0,2,0,0,0,12,0,0,0,3,0,0,0,0,0,0,0,0,0,0,0,0.0,0.0,0.0,0.0,1.5,0.0,0.0,0.0,0.0,0.0,0.0,0.0,0/1,-/-,-/-,-/-,0/1,-/-,-/-,-/-,0,0,0,0,0,0,0,0,0,0,0,0,india
Hanuma Vihari,16,0,0,24,28,0,0,23,839,0,0,284,1988,0,0,321,111,0,0,46,33.56,0.0,0.0,14.2,42.21,0.0,0.0,88.48,3,0,0,3,107,0,0,23,2,0,0,1,1,0,0,0,5,0,0,0,1,0,0,0,0,0,0,0,0,0,0,0,0,0,0,0,10,0,0,6,345,0,0,42,180,0,0,47,10,0,0,0,5,0,0,1,36.0,0.0,0.0,47.0,3.13,0.0,0.0,6.71,69.0,0.0,0.0,42.0,03/37,-/-,-/-,05/01,03/38,-/-,-/-,05/01,0,0,0,0,0,0,0,0,0,0,0,0,india
Hardik Pandya,11,94,114,137,18,68,90,128,532,1904,1812,2525,720,1717,1279,1734,108,92,71,91,31.29,32.83,27.88,28.69,73.89,110.9,141.68,145.62,1,10,25,40,68,141,135,189,12,76,95,136,2,4,3,6,4,11,5,10,1,0,0,0,0,0,0,0,0,0,0,0,0,0,0,0,19,88,102,93,937,3460,1817,1418,528,3231,2485,2150,19,16,4,0,17,91,94,64,31.06,35.51,26.44,33.59,3.38,5.6,8.21,9.1,55.12,38.02,19.33,22.16,05/28,04/24,04/16,03/17,06/50,04/24,04/16,03/17,0,1,3,0,1,0,0,0,0,0,0,0,india
Jasprit Bumrah,45,89,70,133,69,26,8,30,332,91,8,68,741,159,14,78,34,16,7,16,7.06,7.58,2.67,9.71,44.81,57.24,57.15,87.18,22,14,5,23,35,10,1,5,11,1,0,1,25,5,2,5,0,0,0,0,0,0,0,0,0,0,0,0,0,0,0,0,0,0,0,0,86,88,69,133,8630,4580,1509,3053,3977,3509,1579,3716,344,57,12,7,205,149,89,165,19.4,23.55,17.74,22.52,2.77,4.6,6.28,7.3,42.1,30.74,16.96,18.5,06/27,06/19,07/03,10/05,09/86,06/19,07/03,10/05,7,6,0,2,13,2,0,2,0,0,0,0,india
KL Rahul,58,85,72,132,101,79,68,123,3257,3043,2265,4683,6168,3451,1628,3479,199,112,110,132,33.58,49.08,37.75,45.47,52.81,88.18,139.13,134.61,4,17,8,20,386,235,191,400,26,67,99,187,9,3,5,4,17,18,22,37,8,7,2,4,0,0,0,0,0,0,0,0,0,0,0,0,0,0,0,0,0,0,0,0,0,0,0,0,0,0,0,0,0,0,0,0,0.0,0.0,0.0,0.0,0.0,0.0,0.0,0.0,0.0,0.0,0.0,0.0,-/-,-/-,-/-,-/-,-/-,-/-,-/-,-/-,0,0,0,0,0,0,0,0,0,0,0,0,india
Kuldeep Yadav,13,113,40,84,17,42,7,33,199,207,46,183,698,407,59,216,40,19,23,35,13.27,9.86,11.5,15.25,28.52,50.86,77.97,84.73,2,21,3,21,18,14,2,16,1,0,0,3,4,3,2,5,0,0,0,0,0,0,0,0,0,0,0,0,0,0,0,0,0,0,0,0,24,110,39,82,2093,5754,860,1746,1241,4786,971,2388,46,30,2,1,56,181,69,87,22.16,26.44,14.07,27.45,3.56,4.99,6.77,8.21,37.38,31.79,12.46,20.07,05/40,06/25,05/17,04/14,8/113,06/25,05/17,04/14,3,7,1,4,4,2,2,0,0,0,0,0,india
Manish Pandey,0,29,39,171,0,24,33,159,0,566,709,3850,0,625,562,3179,0,104,79,114,0.0,33.29,44.31,29.17,0.0,90.56,126.16,121.11,0,7,17,27,0,45,49,334,0,5,19,110,0,2,2,14,0,2,3,22,0,1,0,1,0,0,0,0,0,0,0,0,0,0,0,0,0,0,0,0,0,0,0,0,0,0,0,0,0,0,0,0,0,0,0,0,0.0,0.0,0.0,0.0,0.0,0.0,0.0,0.0,0.0,0.0,0.0,0.0,-/-,-/-,-/-,-/-,-/-,-/-,-/-,-/-,0,0,0,0,0,0,0,0,0,0,0,0,india
Mayank Agarawal,21,5,0,127,36,5,0,121,1488,86,0,2665,2782,83,0,2000,243,32,0,106,41.33,17.2,0.0,22.78,53.49,103.62,0.0,133.25,0,0,0,4,189,12,0,264,28,1,0,98,1,0,0,7,6,0,0,13,4,0,0,1,2,0,0,0,0,0,0,0,0,0,0,0,0,1,0,0,0,6,0,0,0,10,0,0,0,0,0,0,0,0,0,0,0.0,0.0,0.0,0.0,0.0,10.0,0.0,0.0,0.0,0.0,0.0,0.0,-/-,0/10,-/-,-/-,-/-,0/10,-/-,-/-,0,0,0,0,0,0,0,0,0,0,0,0,india
Mohammed Shami,64,108,25,110,89,49,5,25,750,225,7,74,1005,273,10,79,56,25,7,21,11.9,7.76,3.5,5.69,74.63,82.42,70.0,93.68,26,20,3,12,83,17,0,6,25,9,1,2,18,6,1,4,2,0,0,0,0,0,0,0,0,0,0,0,0,0,0,0,0,0,0,0,122,107,25,110,11515,5326,510,2426,6346,4955,761,3411,364,52,1,3,229,206,27,127,27.71,24.05,28.19,26.86,3.31,5.58,8.95,8.44,50.28,25.85,18.89,19.1,06/56,07/57,03/15,11/04,9/118,07/57,03/15,11/04,12,10,0,2,6,6,0,0,0,0,0,0,india
Mohammed Siraj,36,44,16,93,49,17,5,25,131,55,14,109,356,129,16,119,16,9,7,14,4.85,7.86,7.0,10.9,36.8,42.64,87.5,91.6,22,10,3,15,14,3,1,10,2,0,0,4,11,1,1,2,0,0,0,0,0,0,0,0,0,0,0,0,0,0,0,0,0,0,0,0,67,43,16,93,5306,1975,348,1958,3074,1708,452,2822,164,32,2,4,100,71,14,93,30.74,24.06,32.29,30.34,3.48,5.19,7.79,8.65,53.06,27.82,24.86,21.05,06/15,06/21,04/17,04/21,8/126,06/21,04/17,04/21,6,2,1,2,3,1,0,0,0,0,0,0,india
Navdeep Saini,2,8,11,32,3,5,3,7,8,107,12,33,27,137,11,37,5,45,11,12,4.0,53.5,0.0,8.25,29.63,78.11,109.1,89.19,1,3,3,3,1,9,2,3,0,3,0,0,0,0,0,0,0,0,0,0,0,0,0,0,0,0,0,0,0,0,0,0,0,0,0,0,4,8,9,32,251,420,197,658,172,481,235,974,5,0,1,1,4,6,13,23,43.0,80.17,18.08,42.35,4.11,6.87,7.16,8.88,62.75,70.0,15.15,28.61,02/54,02/58,03/17,03/40,4/119,02/58,03/17,03/40,0,0,0,0,0,0,0,0,0,0,0,0,india
Prithvi Shaw,5,6,1,79,9,6,1,79,339,189,0,1892,394,166,1,1283,134,49,0,99,42.38,31.5,0.0,23.95,86.05,113.86,0.0,147.47,1,0,0,0,48,32,0,238,2,2,0,61,1,0,1,7,2,0,0,14,1,0,0,0,0,0,0,0,0,0,0,0,0,0,0,0,0,0,0,0,0,0,0,0,0,0,0,0,0,0,0,0,0,0,0,0,0.0,0.0,0.0,0.0,0.0,0.0,0.0,0.0,0.0,0.0,0.0,0.0,-/-,-/-,-/-,-/-,-/-,-/-,-/-,-/-,0,0,0,0,0,0,0,0,0,0,0,0,india
Ravichandran Ashwin,106,116,65,211,151,63,19,94,3503,707,184,800,6423,813,160,675,124,65,31,50,25.76,16.44,26.29,13.33,54.54,86.97,115.0,118.52,15,20,12,34,399,60,17,61,23,7,4,28,9,6,0,12,14,1,0,1,6,0,0,0,0,0,0,0,0,0,0,0,0,0,0,0,200,114,65,208,27246,6303,1452,4524,12891,5180,1672,5369,907,37,3,4,537,156,72,180,24.01,33.21,23.22,29.83,2.84,4.93,6.91,7.12,50.74,40.4,20.17,25.13,07/59,04/25,08/04,04/34,13/140,04/25,08/04,04/34,25,1,2,1,37,0,0,0,8,0,0,0,india
Ravindra Jadeja,80,204,74,240,118,137,41,184,3370,2806,515,2959,6100,3284,405,2281,175,87,46,62,34.74,32.63,21.46,27.4,55.25,85.45,127.17,129.73,21,51,17,76,330,205,39,215,69,54,14,107,8,6,3,8,22,13,0,3,4,0,0,0,0,0,0,0,0,0,0,0,0,0,0,0,150,196,71,211,18473,10116,1356,3829,7798,8180,1612,4864,729,59,4,2,323,231,54,160,24.14,35.41,29.85,30.4,2.53,4.85,7.13,7.62,57.19,43.79,25.11,23.93,07/42,05/33,03/15,05/16,10/110,05/33,03/15,05/16,13,7,0,3,15,2,0,1,3,0,0,0,india
Rishabh Pant,43,31,76,111,75,27,66,110,2948,871,1209,3284,4005,820,949,2205,159,125,65,128,42.11,33.5,23.25,35.31,73.61,106.22,127.4,148.94,5,1,14,17,321,91,111,296,73,26,44,154,3,3,4,4,15,5,3,18,6,1,0,1,0,0,0,0,0,0,0,0,0,0,0,0,0,0,0,0,0,0,0,0,0,0,0,0,0,0,0,0,0,0,0,0,0.0,0.0,0.0,0.0,0.0,0.0,0.0,0.0,0.0,0.0,0.0,0.0,-/-,-/-,-/-,-/-,-/-,-/-,-/-,-/-,0,0,0,0,0,0,0,0,0,0,0,0,india
Rohit Sharma,67,273,159,257,116,265,151,252,4302,11168,4231,6628,7538,12034,3003,5054,212,264,121,109,40.58,48.77,31.34,29.72,57.08,92.81,140.9,131.15,10,36,16,29,473,1044,383,599,88,344,205,280,6,16,12,17,18,58,32,43,12,32,5,2,1,3,0,0,0,0,0,0,0,0,0,0,16,40,9,32,383,610,68,339,224,533,113,453,5,2,0,0,2,9,1,15,112.0,59.22,113.0,30.2,3.51,5.24,9.97,8.02,191.5,67.78,68.0,22.6,01/26,02/27,01/22,06/04,01/35,02/27,01/22,06/04,0,0,0,1,0,0,0,0,0,0,0,0,india
Ruturaj Gaikwad,0,6,23,66,0,6,20,65,0,115,633,2380,0,157,441,1739,0,71,123,108,0.0,19.17,39.56,41.75,0.0,73.25,143.54,136.87,0,0,4,8,0,16,65,217,0,0,24,91,0,0,1,6,0,1,4,18,0,0,1,2,0,0,0,0,0,0,0,0,0,0,0,0,0,0,0,0,0,0,0,0,0,0,0,0,0,0,0,0,0,0,0,0,0.0,0.0,0.0,0.0,0.0,0.0,0.0,0.0,0.0,0.0,0.0,0.0,-/-,-/-,-/-,-/-,-/-,-/-,-/-,-/-,0,0,0,0,0,0,0,0,0,0,0,0,india
Sanju Samson,0,16,42,167,0,14,38,163,0,510,861,4419,0,512,565,3180,0,108,111,119,0.0,56.67,25.32,30.69,0.0,99.61,152.39,138.97,0,5,4,19,0,34,71,352,0,22,49,206,0,0,6,11,0,3,2,25,0,1,3,3,0,0,0,0,0,0,0,0,0,0,0,0,0,0,0,0,0,0,0,0,0,0,0,0,0,0,0,0,0,0,0,0,0.0,0.0,0.0,0.0,0.0,0.0,0.0,0.0,0.0,0.0,0.0,0.0,-/-,-/-,-/-,-/-,-/-,-/-,-/-,-/-,0,0,0,0,0,0,0,0,0,0,0,0,india
Shardul Thakur,11,47,25,95,18,25,6,37,331,329,69,307,522,313,38,221,67,50,22,68,19.47,17.32,23.0,12.28,63.41,105.12,181.58,138.92,1,6,3,12,41,31,5,27,9,9,4,13,3,1,2,7,4,1,0,1,0,0,0,0,0,0,0,0,0,0,0,0,0,0,0,0,19,46,24,92,1449,1940,506,1866,880,2014,772,2869,36,10,0,3,31,65,33,94,28.39,30.98,23.39,30.52,3.64,6.23,9.15,9.23,46.74,29.85,15.33,19.85,07/61,04/37,04/27,04/36,8/108,04/37,04/27,04/36,1,3,1,1,1,0,0,0,0,0,0,0,india
Shikhar Dhawan,34,167,68,222,58,164,66,221,2315,6793,1759,6768,3458,7436,1392,5324,190,143,92,106,40.61,44.11,27.92,35.07,66.95,91.36,126.37,127.13,1,10,3,28,316,842,191,768,12,79,50,152,4,5,2,12,5,39,11,51,7,17,0,2,0,0,0,0,0,0,0,0,0,0,0,0,5,0,0,6,54,0,0,48,18,0,0,66,2,0,0,0,0,0,0,4,0.0,0.0,0.0,16.5,2.0,0.0,0.0,8.25,0.0,0.0,0.0,12.0,0/0,-/-,-/-,07/01,0/0,-/-,-/-,07/01,0,0,0,0,0,0,0,0,0,0,0,0,india
Shreyas Iyer,14,70,51,115,24,65,47,115,811,2845,1104,3127,1287,2845,811,2453,105,128,74,96,36.86,48.22,30.67,32.24,63.02,100.0,136.13,127.48,2,6,11,18,94,262,90,271,16,72,44,113,2,1,4,6,5,22,8,21,1,5,0,0,0,0,0,0,0,0,0,0,0,0,0,0,1,5,1,1,6,37,2,6,2,39,2,7,0,0,0,0,0,0,0,0,0.0,0.0,0.0,0.0,2.0,6.32,0.0,7.0,0.0,0.0,0.0,0.0,0/2,0/1,0/2,0/7,0/2,0/1,0/2,0/7,0,0,0,0,0,0,0,0,0,0,0,0,india
Shubman Gill,32,55,21,103,59,55,21,100,1893,2775,578,3216,3159,2787,415,2370,128,208,126,129,35.06,59.04,30.42,37.84,59.93,99.57,139.28,135.7,5,8,2,15,210,314,60,310,31,59,22,95,5,1,1,4,7,15,3,20,5,8,1,4,0,1,0,0,0,0,0,0,0,0,0,0,1,2,0,0,7,18,0,0,1,25,0,0,0,0,0,0,0,0,0,0,0.0,0.0,0.0,0.0,0.86,8.33,0.0,0.0,0.0,0.0,0.0,0.0,0/1,0/11,-/-,-/-,0/1,0/11,-/-,-/-,0,0,0,0,0,0,0,0,0,0,0,0,india
Umesh Yadav,57,75,9,148,68,24,2,52,460,79,22,208,883,134,21,201,31,18,20,24,11.22,7.9,22.0,9.9,52.1,58.96,104.77,103.49,27,14,1,31,42,8,2,16,24,1,0,9,9,4,0,8,0,0,0,0,0,0,0,0,0,0,0,0,0,0,0,0,0,0,0,0,112,73,9,147,8979,3558,180,3050,5263,3565,280,4317,245,23,0,5,170,106,12,144,30.96,33.63,23.33,29.98,3.52,6.01,9.33,8.49,52.82,33.57,15.0,21.18,06/88,04/31,02/19,04/23,10/133,04/31,02/19,04/23,6,4,0,3,3,0,0,0,1,0,0,0,india
Virat Kohli,123,302,125,252,210,290,117,244,9230,14181,4188,8004,16608,15192,3056,6065,254,183,122,113,46.85,57.88,48.7,38.67,55.58,93.35,137.05,131.98,13,45,31,37,1027,1325,369,705,30,153,124,272,15,16,7,10,31,74,38,55,30,51,1,8,7,0,0,0,0,0,0,0,0,0,0,0,11,50,13,26,175,662,152,251,84,680,204,368,2,1,0,0,0,5,4,4,0.0,136.0,51.0,92.0,2.88,6.16,8.05,8.8,0.0,132.4,38.0,62.75,0/0,01/13,01/13,02/25,0/0,01/13,01/13,02/25,0,0,0,0,0,0,0,0,0,0,0,0,india
Wriddhiman Saha,40,9,0,170,56,5,0,145,1353,41,0,2934,2973,56,0,2300,117,16,0,115,29.41,13.67,0.0,24.25,45.51,73.22,0.0,127.57,10,2,0,24,129,5,0,296,14,0,0,87,6,0,0,7,6,0,0,13,3,0,0,1,0,0,0,0,0,0,0,0,0,0,0,0,0,0,0,0,0,0,0,0,0,0,0,0,0,0,0,0,0,0,0,0,0.0,0.0,0.0,0.0,0.0,0.0,0.0,0.0,0.0,0.0,0.0,0.0,-/-,-/-,-/-,-/-,-/-,-/-,-/-,-/-,0,0,0,0,0,0,0,0,0,0,0,0,india
Yuzvendra Chahal,0,72,80,160,0,14,6,20,0,77,6,37,0,141,13,86,0,18,3,8,0.0,8.56,3.0,5.29,0.0,54.61,46.16,43.03,0,5,4,13,0,8,0,0,0,0,0,0,0,1,0,1,0,0,0,0,0,0,0,0,0,0,0,0,0,0,0,0,0,0,0,0,0,69,79,159,0,3739,1764,3521,0,3283,2409,4602,0,14,2,4,0,121,96,205,0.0,27.13,25.09,22.45,0.0,5.27,8.19,7.84,0.0,30.9,18.38,17.18,-/-,06/42,06/25,05/40,-/-,06/42,06/25,05/40,0,5,2,6,0,2,1,1,0,0,0,0,india
William Porterfield,3,147,61,0,6,145,59,0,58,4343,1079,0,227,6297,971,0,32,139,72,0,9.67,30.58,20.36,0.0,25.56,68.97,111.13,0.0,0,3,6,0,7,455,120,0,0,32,23,0,1,12,5,0,0,20,3,0,0,11,0,0,0,0,0,0,0,0,0,0,0,0,0,0,0,0,0,0,0,0,0,0,0,0,0,0,0,0,0,0,0,0,0,0,0.0,0.0,0.0,0.0,0.0,0.0,0.0,0.0,0.0,0.0,0.0,0.0,-/-,-/-,-/-,-/-,-/-,-/-,-/-,-/-,0,0,0,0,0,0,0,0,0,0,0,0,Ireland_Data2
Andrew Balbirnie,10,113,109,0,20,108,106,0,476,3149,2392,0,935,4250,1941,0,95,145,83,0,25.05,31.18,23.22,0.0,50.91,74.1,123.24,0.0,1,7,3,0,55,300,254,0,0,39,68,0,3,8,6,0,5,17,12,0,0,8,0,0,0,0,0,0,0,0,0,0,0,0,0,0,1,4,0,0,6,60,0,0,8,68,0,0,0,0,0,0,0,2,0,0,0.0,34.0,0.0,0.0,8.0,6.8,0.0,0.0,0.0,30.0,0.0,0.0,0/8,1/26,-/-,-/-,0/8,1/26,-/-,-/-,0,0,0,0,0,0,0,0,0,0,0,0,Ireland_Data2
James McCollum,6,10,0,0,12,10,0,0,199,188,0,0,502,280,0,0,39,73,0,0,16.58,18.8,0.0,0.0,39.65,67.15,0.0,0.0,0,0,0,0,27,26,0,0,0,1,0,0,1,1,0,0,0,2,0,0,0,0,0,0,0,0,0,0,0,0,0,0,0,0,0,0,0,0,0,0,0,0,0,0,0,0,0,0,0,0,0,0,0,0,0,0,0.0,0.0,0.0,0.0,0.0,0.0,0.0,0.0,0.0,0.0,0.0,0.0,-/-,-/-,-/-,-/-,-/-,-/-,-/-,-/-,0,0,0,0,0,0,0,0,0,0,0,0,Ireland_Data2
Tyrone Kane,1,0,8,0,2,0,4,0,14,0,45,0,98,0,34,0,14,0,26,0,7.0,0.0,15.0,0.0,14.29,0.0,132.36,0.0,0,0,1,0,1,0,6,0,0,0,0,0,1,0,0,0,0,0,0,0,0,0,0,0,0,0,0,0,0,0,0,0,0,0,0,0,2,0,5,0,156,0,92,0,103,0,143,0,3,0,0,0,0,0,9,0,0.0,0.0,15.89,0.0,3.96,0.0,9.33,0.0,0.0,0.0,10.22,0.0,0/17,-/-,3/19,-/-,0/103,-/-,3/19,-/-,0,0,0,0,0,0,0,0,0,0,0,0,Ireland_Data2
Paul Stirling,8,166,150,0,16,160,147,0,382,5925,3656,0,652,6782,2714,0,103,177,115,0,23.88,37.74,26.69,0.0,58.59,87.37,134.71,0.0,0,3,10,0,48,634,425,0,6,145,130,0,1,13,13,0,1,31,24,0,1,14,1,0,0,0,0,0,0,0,0,0,0,0,0,0,1,76,41,0,12,2441,522,0,11,1942,647,0,0,8,1,0,0,43,20,0,0.0,45.16,32.35,0.0,5.5,4.77,7.44,0.0,0.0,56.77,26.1,0.0,0/11,6/55,3/21,-/-,0/11,6/55,3/21,-/-,0,1,0,0,0,1,0,0,0,0,0,0,Ireland_Data2
Stuart Thompson,3,19,40,0,6,15,30,0,64,228,328,0,194,251,254,0,53,39,56,0,10.67,16.29,14.91,0.0,32.99,90.84,129.14,0.0,0,1,8,0,7,24,23,0,0,3,14,0,1,0,1,0,1,0,1,0,0,0,0,0,0,0,0,0,0,0,0,0,0,0,0,0,6,16,30,0,410,559,474,0,204,490,670,0,14,1,0,0,10,12,18,0,20.4,40.83,37.22,0.0,2.99,5.26,8.48,0.0,41.0,46.58,26.33,0.0,3/28,2/17,4/18,-/-,4/93,2/17,4/18,-/-,0,0,1,0,0,0,0,0,0,0,0,0,Ireland_Data2
Kevin O Brien,3,152,109,0,6,141,103,0,258,3619,1973,0,467,4076,1506,0,118,142,124,0,51.6,29.42,21.22,0.0,55.25,88.79,131.01,0.0,1,18,10,0,29,332,165,0,0,84,82,0,0,6,12,0,1,18,5,0,1,2,1,0,0,0,0,0,0,0,0,0,0,0,0,0,2,116,52,0,60,4296,917,0,31,3726,1148,0,2,31,0,0,0,114,58,0,0.0,32.68,19.79,0.0,3.1,5.2,7.51,0.0,0.0,37.68,15.81,0.0,0/11,4/13,4/45,-/-,0/11,4/13,4/45,-/-,0,5,1,0,0,0,0,0,0,0,0,0,Ireland_Data2
George Dockrell,2,130,143,0,4,92,94,0,98,1435,1179,0,257,1763,902,0,39,91,58,0,24.5,22.78,19.98,0.0,38.14,81.4,130.71,0.0,0,29,35,0,14,112,85,0,0,28,43,0,0,6,8,0,0,6,2,0,0,0,0,0,0,0,0,0,0,0,0,0,0,0,0,0,3,107,93,0,369,4793,1598,0,233,3892,1905,0,11,31,1,0,3,106,83,0,77.67,36.72,22.95,0.0,3.79,4.87,7.15,0.0,123.0,45.22,19.25,0.0,2/63,4/24,4/20,-/-,2/121,4/24,4/20,-/-,0,4,1,0,0,0,0,0,0,0,0,0,Ireland_Data2
Andy McBrine,9,92,32,0,17,63,18,0,503,889,155,0,918,1263,132,0,90,79,36,0,35.93,17.78,12.92,0.0,54.8,70.39,117.43,0.0,3,13,6,0,61,83,11,0,3,14,5,0,1,5,1,0,4,2,0,0,0,0,0,0,0,0,0,0,0,0,0,0,0,0,0,0,14,88,26,0,1839,4385,408,0,1044,3334,487,0,43,38,0,0,25,90,23,0,41.76,37.04,21.17,0.0,3.41,4.56,7.16,0.0,73.56,48.72,17.74,0.0,6/118,5/29,2/7,-/-,7/75,5/29,2/7,-/-,1,2,0,0,1,1,0,0,0,0,0,0,Ireland_Data2
Gary Wilson,2,104,81,0,4,99,68,0,45,2072,1268,0,114,2881,1212,0,33,113,65,0,15.0,23.82,21.13,0.0,39.48,71.92,104.63,0.0,1,12,8,0,7,180,108,0,0,21,20,0,2,6,4,0,0,12,3,0,0,1,0,0,0,0,0,0,0,0,0,0,0,0,0,0,0,0,0,0,0,0,0,0,0,0,0,0,0,0,0,0,0,0,0,0,0.0,0.0,0.0,0.0,0.0,0.0,0.0,0.0,0.0,0.0,0.0,0.0,-/-,-/-,-/-,-/-,-/-,-/-,-/-,-/-,0,0,0,0,0,0,0,0,0,0,0,0,Ireland_Data2
Lorcan Tucker,7,55,77,0,14,46,71,0,571,995,1363,0,895,1209,1108,0,108,85,94,0,43.92,24.88,21.63,0.0,63.8,82.3,123.02,0.0,1,6,8,0,76,90,131,0,2,13,30,0,1,3,7,0,3,5,9,0,1,0,0,0,0,0,0,0,0,0,0,0,0,0,0,0,0,0,0,0,0,0,0,0,0,0,0,0,0,0,0,0,0,0,0,0,0.0,0.0,0.0,0.0,0.0,0.0,0.0,0.0,0.0,0.0,0.0,0.0,-/-,-/-,-/-,-/-,-/-,-/-,-/-,-/-,0,0,0,0,0,0,0,0,0,0,0,0,Ireland_Data2
Peter Chase,0,24,12,0,0,16,5,0,0,35,7,0,0,56,13,0,0,14,4,0,0.0,3.5,7.0,0.0,0.0,62.5,53.85,0.0,0,6,4,0,0,3,1,0,0,1,0,0,0,7,0,0,0,0,0,0,0,0,0,0,0,0,0,0,0,0,0,0,0,0,0,0,0,24,12,0,0,1238,251,0,0,1356,416,0,0,2,0,0,0,34,15,0,0.0,39.88,27.73,0.0,0.0,6.57,9.94,0.0,0.0,36.41,16.73,0.0,-/-,3/33,4/35,-/-,-/-,3/33,4/35,-/-,0,0,1,0,0,0,0,0,0,0,0,0,Ireland_Data2
Mark Adair,7,54,88,0,13,39,63,0,313,469,724,0,443,452,577,0,88,32,72,0,28.45,18.04,14.48,0.0,70.66,103.77,125.48,0.0,2,13,13,0,42,35,51,0,5,21,33,0,2,3,5,0,2,0,1,0,0,0,0,0,0,0,0,0,0,0,0,0,0,0,0,0,13,52,88,0,1192,2487,1898,0,715,2411,2439,0,32,24,2,0,25,71,127,0,28.6,33.96,19.2,0.0,3.6,5.82,7.71,0.0,47.68,35.03,14.94,0.0,5/39,4/19,4/13,-/-,8/95,4/19,4/13,-/-,0,6,4,0,1,0,0,0,0,0,0,0,Ireland_Data2
Boyd Rankin,3,75,50,0,6,34,15,0,43,101,64,0,99,239,74,0,17,18,16,0,8.6,7.77,9.14,0.0,43.44,42.26,86.49,0.0,1,21,8,0,6,4,3,0,0,1,3,0,1,4,2,0,0,0,0,0,0,0,0,0,0,0,0,0,0,0,0,0,0,0,0,0,6,73,49,0,443,3708,1068,0,304,2958,1219,0,6,42,2,0,8,107,55,0,38.0,27.64,22.16,0.0,4.12,4.79,6.85,0.0,55.38,34.65,19.42,0.0,2/5,4/15,3/16,-/-,4/91,4/15,3/16,-/-,0,4,0,0,0,0,0,0,0,0,0,0,Ireland_Data2
Tim Murtagh,3,58,14,0,6,36,5,0,109,188,26,0,132,297,25,0,54,23,12,0,27.25,7.83,13.0,0.0,82.58,63.3,104.0,0.0,2,12,3,0,14,17,0,0,2,1,1,0,0,7,0,0,1,0,0,0,0,0,0,0,0,0,0,0,0,0,0,0,0,0,0,0,6,57,14,0,570,3020,268,0,213,2290,324,0,25,45,0,0,13,74,13,0,16.38,30.95,24.92,0.0,2.24,4.55,7.25,0.0,43.85,40.81,20.62,0.0,5/13,5/21,3/23,-/-,6/65,5/21,3/23,-/-,1,4,0,0,1,1,0,0,0,0,0,0,Ireland_Data2
Barry McCarthy,3,45,56,0,4,30,35,0,17,220,284,0,70,355,243,0,11,41,51,0,4.25,9.57,12.91,0.0,24.29,61.98,116.88,0.0,0,7,13,0,0,18,19,0,0,3,15,0,1,4,7,0,0,0,1,0,0,0,0,0,0,0,0,0,0,0,0,0,0,0,0,0,6,45,56,0,543,2242,1205,0,248,2166,1703,0,15,14,3,0,14,72,56,0,17.71,30.08,30.41,0.0,2.74,5.8,8.48,0.0,38.79,31.14,21.52,0.0,4/75,5/46,4/30,-/-,6/97,5/46,4/30,-/-,1,2,2,0,0,1,0,0,0,0,0,0,Ireland_Data2
Asif Ali,0,21,58,0,0,16,51,0,0,382,577,0,0,314,431,0,0,52,41,0,0.0,25.47,15.18,0.0,0.0,121.66,133.88,0.0,0,1,13,0,0,22,27,0,0,21,37,0,0,0,4,0,0,3,0,0,0,0,0,0,0,0,0,0,0,0,0,0,0,0,0,0,0,1,0,0,0,5,0,0,0,9,0,0,0,0,0,0,0,0,0,0,0.0,0.0,0.0,0.0,0.0,0.0,0.0,0.0,0.0,0.0,0.0,0.0,-/-,0/9,-/-,-/-,-/-,0/9,-/-,-/-,0,0,0,0,0,0,0,0,0,0,0,0,pakistan_data
Babar Azam,59,128,128,0,108,125,121,0,4235,6106,4223,0,7787,6945,3268,0,196,158,122,0,42.78,55.51,39.84,0.0,54.39,87.92,129.23,0.0,9,15,15,0,495,565,447,0,23,63,73,0,8,4,7,0,29,35,36,0,9,19,3,0,0,0,0,0,0,0,0,0,0,0,0,0,8,0,0,0,90,0,0,0,42,0,0,0,2,0,0,0,2,0,0,0,21.0,0.0,0.0,0.0,2.8,0.0,0.0,0.0,45.0,0.0,0.0,0.0,1/1,-/-,-/-,-/-,1/2,-/-,-/-,-/-,0,0,0,0,0,0,0,0,0,0,0,0,pakistan_data
Fakhar Zaman,3,86,92,0,6,85,84,0,192,3651,1848,0,359,3890,1390,0,94,210,91,0,32.0,46.22,22.81,0.0,53.49,93.86,132.95,0.0,0,6,3,0,20,409,172,0,1,79,76,0,0,6,6,0,2,17,11,0,0,11,0,0,0,1,0,0,0,0,0,0,0,0,0,0,0,7,1,0,0,135,6,0,0,111,12,0,0,0,0,0,0,1,0,0,0.0,111.0,0.0,0.0,0.0,4.93,12.0,0.0,0.0,135.0,0.0,0.0,-/-,1/19,0/12,-/-,-/-,1/19,0/12,-/-,0,0,0,0,0,0,0,0,0,0,0,0,pakistan_data
Haris Sohail,16,45,14,0,27,44,13,0,847,1749,210,0,1936,2045,204,0,147,130,52,0,32.58,44.85,19.09,0.0,43.75,85.53,102.95,0.0,1,5,2,0,74,138,16,0,13,28,3,0,1,1,1,0,3,14,2,0,2,2,0,0,0,0,0,0,0,0,0,0,0,0,0,0,17,21,0,0,630,642,0,0,294,613,0,0,12,0,0,0,13,11,0,0,22.62,55.73,0.0,0.0,2.8,5.73,0.0,0.0,48.46,58.36,0.0,0.0,3/1,3/45,-/-,-/-,3/35,3/45,-/-,-/-,0,0,0,0,0,0,0,0,0,0,0,0,pakistan_data
Hasan Ali,24,66,51,0,38,38,19,0,382,383,129,0,527,327,69,0,30,59,23,0,11.94,14.19,14.33,0.0,72.49,117.13,186.96,0.0,6,11,10,0,34,28,7,0,20,24,11,0,7,4,4,0,0,2,0,0,0,0,0,0,0,0,0,0,0,0,0,0,0,0,0,0,46,64,50,0,4295,3188,1033,0,2185,3084,1456,0,164,16,5,0,80,100,60,0,27.31,30.84,24.27,0.0,3.05,5.8,8.46,0.0,53.69,31.88,17.22,0.0,5/27,5/34,4/18,-/-,10/114,5/34,4/18,-/-,2,2,1,0,6,4,0,0,1,0,0,0,pakistan_data
Imad Wasim,0,55,75,0,0,40,50,0,0,986,554,0,0,894,426,0,0,63,64,0,0.0,42.87,15.83,0.0,0.0,110.3,130.05,0.0,0,17,15,0,0,91,55,0,0,19,12,0,0,1,6,0,0,5,1,0,0,0,0,0,0,0,0,0,0,0,0,0,0,0,0,0,0,53,74,0,0,2403,1536,0,0,1957,1588,0,0,8,4,0,0,44,73,0,0.0,44.48,21.75,0.0,0.0,4.89,6.2,0.0,0.0,54.61,21.04,0.0,-/-,5/14,5/14,-/-,-/-,5/14,5/14,-/-,0,0,1,0,0,1,1,0,0,0,0,0,pakistan_data
Imam-ul-Haq,24,73,2,0,46,72,2,0,1568,3148,21,0,3404,3827,25,0,157,151,14,0,37.33,47.7,10.5,0.0,46.07,82.26,84.0,0.0,4,6,0,0,170,253,2,0,12,30,0,0,4,3,0,0,9,20,0,0,3,9,0,0,0,0,0,0,0,0,0,0,0,0,0,0,1,0,0,0,12,0,0,0,9,0,0,0,0,0,0,0,0,0,0,0,0.0,0.0,0.0,0.0,4.5,0.0,0.0,0.0,0.0,0.0,0.0,0.0,0/9,-/-,-/-,-/-,0/9,-/-,-/-,-/-,0,0,0,0,0,0,0,0,0,0,0,0,pakistan_data
Mohammad Amir,36,61,62,0,67,30,17,0,751,363,65,0,1980,444,76,0,48,73,21,0,13.41,18.15,7.22,0.0,37.93,81.76,85.53,0.0,11,10,8,0,91,32,3,0,3,8,3,0,7,5,2,0,0,2,0,0,0,0,0,0,0,0,0,0,0,0,0,0,0,0,0,0,67,60,61,0,7619,3013,1321,0,3627,2400,1558,0,291,34,6,0,119,81,71,0,30.48,29.63,21.94,0.0,2.86,4.78,7.08,0.0,64.03,37.2,18.61,0.0,6/44,5/30,4/13,-/-,7/64,5/30,4/13,-/-,6,1,1,0,4,1,0,0,0,0,0,0,pakistan_data
Mohammad Hafeez,55,218,119,8,105,216,108,8,3652,6614,2514,64,6520,8634,2060,83,224,140,99,16,37.65,32.91,26.46,9.14,56.02,76.61,122.04,77.11,8,15,13,1,455,664,251,7,28,110,76,2,8,19,7,0,12,38,14,0,10,11,0,0,1,0,0,0,0,0,0,0,0,0,0,0,77,177,79,4,4067,7733,1261,60,1808,5401,1388,68,118,48,3,0,53,139,61,2,34.11,38.86,22.75,34.0,2.67,4.19,6.6,6.8,76.74,55.63,20.67,30.0,4/16,4/41,4/10,1/8,4/48,4/41,4/10,1/8,2,1,1,0,0,0,0,0,0,0,0,0,pakistan_data
Mohammad Hasnain,0,15,28,0,0,7,12,0,0,53,24,0,0,34,26,0,0,28,8,0,0.0,17.67,24.0,0.0,0.0,155.89,92.31,0.0,0,4,11,0,0,9,2,0,0,1,1,0,0,1,0,0,0,0,0,0,0,0,0,0,0,0,0,0,0,0,0,0,0,0,0,0,0,15,27,0,0,718,618,0,0,755,877,0,0,6,0,0,0,17,25,0,0.0,44.41,35.08,0.0,0.0,6.31,8.51,0.0,0.0,42.24,24.72,0.0,-/-,5/26,3/37,-/-,-/-,5/26,3/37,-/-,0,0,0,0,0,1,0,0,0,0,0,0,pakistan_data
Sarfaraz Ahmed,54,117,61,0,95,91,42,0,3031,2315,818,0,4320,2635,653,0,118,105,89,0,36.96,33.55,27.27,0.0,70.17,87.86,125.27,0.0,13,22,12,0,309,174,79,0,9,12,15,0,4,1,2,0,21,11,3,0,4,2,0,0,0,0,0,0,0,0,0,0,0,0,0,0,0,1,0,0,0,12,0,0,0,15,0,0,0,0,0,0,0,0,0,0,0.0,0.0,0.0,0.0,0.0,7.5,0.0,0.0,0.0,0.0,0.0,0.0,-/-,0/15,-/-,-/-,-/-,0/15,-/-,-/-,0,0,0,0,0,0,0,0,0,0,0,0,pakistan_data
Shadab Khan,6,70,106,0,11,44,54,0,300,855,708,0,479,997,506,0,56,86,52,0,33.33,25.91,17.7,0.0,62.64,85.76,139.93,0.0,2,11,14,0,38,51,46,0,0,19,36,0,0,3,6,0,3,4,1,0,0,0,0,0,0,0,0,0,0,0,0,0,0,0,0,0,11,67,98,0,954,3388,2107,0,513,2960,2550,0,19,13,3,0,14,85,107,0,36.64,34.82,23.83,0.0,3.23,5.24,7.26,0.0,68.14,39.86,19.69,0.0,3/31,4/27,4/8,-/-,4/80,4/27,4/8,-/-,0,5,3,0,0,0,0,0,0,0,0,0,pakistan_data
Shaheen Afridi,31,64,77,0,41,37,26,0,249,261,205,0,556,310,165,0,29,25,23,0,8.03,13.05,12.81,0.0,44.79,84.2,124.25,0.0,10,17,10,0,31,23,12,0,5,10,14,0,9,6,4,0,0,0,0,0,0,0,0,0,0,0,0,0,0,0,0,0,0,0,0,0,53,63,78,0,6162,3288,1690,0,3235,3095,2208,0,206,28,3,0,116,127,102,0,27.89,24.37,21.65,0.0,3.15,5.65,7.84,0.0,53.12,25.89,16.57,0.0,6/51,6/35,4/22,-/-,10/94,6/35,4/22,-/-,12,7,2,0,4,3,0,0,1,0,0,0,pakistan_data
Shoaib Malik,35,287,124,7,60,258,111,5,1898,7534,2435,52,4155,9199,1938,47,245,143,75,24,35.15,34.56,31.22,13.0,45.68,81.91,125.65,110.64,6,40,33,1,239,603,196,5,17,113,69,0,6,15,2,0,8,44,9,0,3,9,0,0,1,0,0,0,0,0,0,0,0,0,0,0,43,217,50,5,2712,7958,570,51,1519,6192,675,85,61,38,0,0,32,158,28,2,47.47,39.19,24.11,42.5,3.36,4.67,7.11,10.0,84.75,50.37,20.36,25.5,4/33,4/19,2/7,1/6,7/59,4/19,2/7,1/6,2,1,0,0,0,0,0,0,0,0,0,0,pakistan_data
Wahab Riaz,27,91,36,0,41,66,18,0,306,740,154,0,727,849,123,0,39,54,30,0,8.5,14.51,12.83,0.0,42.1,87.17,125.21,0.0,5,15,6,0,32,55,10,0,5,30,7,0,9,12,2,0,0,3,0,0,0,0,0,0,0,0,0,0,0,0,0,0,0,0,0,0,49,90,35,0,5018,4327,710,0,2864,4117,971,0,118,20,2,0,83,120,34,0,34.51,34.31,28.56,0.0,3.42,5.71,8.21,0.0,60.46,36.06,20.88,0.0,5/63,5/46,3/18,-/-,7/134,5/46,3/18,-/-,3,5,0,0,2,1,0,0,0,0,0,0,pakistan_data
Aiden Markram,45,77,57,44,82,73,53,42,2857,2371,1367,995,4803,2436,950,767,152,175,70,68,35.71,37.05,30.38,30.15,59.49,97.34,143.9,129.73,2,9,8,9,412,236,123,73,14,55,56,35,6,4,2,2,13,12,9,5,7,3,0,0,0,0,0,0,0,0,0,0,0,0,0,0,21,37,30,14,483,1085,342,121,254,1017,487,172,9,2,2,0,3,20,13,2,84.67,50.85,37.46,86.0,3.16,5.62,8.54,8.53,161.0,54.25,26.31,60.5,2/27,2/18,3/21,1/8,2/27,2/18,3/21,1/8,0,0,0,0,0,0,0,0,0,0,0,0,South_Africa
Andile Phehlukwayo,4,85,42,0,4,57,25,0,19,884,166,0,39,1027,153,0,9,69,27,0,9.5,23.26,9.22,0.0,48.72,86.08,108.5,0.0,2,19,7,0,3,77,16,0,0,36,5,0,1,5,7,0,0,2,0,0,0,0,0,0,0,0,0,0,0,0,0,0,0,0,0,0,8,79,39,0,250,3175,748,0,147,3040,1112,0,9,17,0,0,11,97,50,0,13.36,31.34,22.24,0.0,3.53,5.74,8.92,0.0,22.73,32.73,14.96,0.0,3/13,4/22,4/24,-/-,5/25,4/22,4/24,-/-,0,3,1,0,0,0,0,0,0,0,0,0,South_Africa
Beuran Hendricks,1,10,19,7,2,4,5,3,9,24,18,1,18,45,23,3,5,18,12,1,9.0,8.0,6.0,1.0,50.0,53.34,78.27,33.34,1,1,2,2,1,2,0,0,0,0,1,0,0,0,1,1,0,0,0,0,0,0,0,0,0,0,0,0,0,0,0,0,0,0,0,0,2,8,19,7,231,386,409,150,175,346,627,235,5,2,0,0,6,10,25,9,29.17,34.6,25.08,26.11,4.55,5.38,9.2,9.4,38.5,38.6,16.36,16.67,5/64,3/59,4/14,3/36,6/175,3/59,4/14,3/36,0,0,1,0,1,0,0,0,0,0,0,0,South_Africa
Chris Morris,4,42,23,81,7,27,13,51,173,468,133,618,362,465,102,398,69,62,55,82,24.71,20.35,14.78,22.07,47.8,100.65,130.4,155.28,0,4,4,23,25,36,12,41,0,15,5,35,0,0,3,9,1,1,1,2,0,0,0,0,0,0,0,0,0,0,0,0,0,0,0,0,8,40,23,81,623,1894,498,1720,459,1756,697,2295,15,10,3,1,12,48,34,95,38.25,36.58,20.5,24.16,4.42,5.56,8.4,8.01,51.92,39.46,14.65,18.11,3/38,4/31,4/27,4/23,5/45,4/31,4/27,4/23,0,2,1,4,0,0,0,0,0,0,0,0,South_Africa
David Miller,0,178,130,130,0,154,114,124,0,4611,2593,2924,0,4447,1842,2100,0,139,106,101,0.0,42.3,33.24,36.1,0.0,103.69,140.78,139.24,0,45,36,43,0,342,168,207,0,144,130,134,0,9,3,4,0,24,8,13,0,7,2,1,0,0,0,0,0,0,0,0,0,0,0,0,0,0,0,0,0,0,0,0,0,0,0,0,0,0,0,0,0,0,0,0,0.0,0.0,0.0,0.0,0.0,0.0,0.0,0.0,0.0,0.0,0.0,0.0,-/-,-/-,-/-,-/-,-/-,-/-,-/-,-/-,0,0,0,0,0,0,0,0,0,0,0,0,South_Africa
Dwaine Pretorius,3,27,30,7,6,13,17,5,83,192,261,44,163,224,159,28,37,50,77,22,13.83,16.0,21.75,11.0,50.93,85.72,164.16,157.15,0,1,5,1,13,14,22,3,1,5,15,3,1,1,2,1,0,1,1,0,0,0,0,0,0,0,0,0,0,0,0,0,0,0,0,0,6,26,27,7,480,1144,504,150,252,947,696,238,22,9,0,0,7,35,35,6,36.0,27.06,19.89,39.67,3.15,4.97,8.29,9.52,68.57,32.69,14.4,25.0,2/26,4/36,5/17,2/30,3/82,4/36,5/17,2/30,0,1,0,0,0,0,1,0,0,0,0,0,South_Africa
Faf du Plessis,69,143,50,145,118,136,50,138,4163,5507,1528,4571,8986,6218,1137,3352,199,185,119,96,40.03,46.67,35.53,35.99,46.33,88.57,134.39,136.37,14,18,7,11,516,495,140,421,21,66,50,166,9,3,0,7,21,35,10,37,10,12,1,0,0,0,0,0,0,0,0,0,0,0,0,0,5,11,2,1,78,192,8,6,69,189,3,16,0,0,0,0,0,2,0,0,0.0,94.5,0.0,0.0,5.31,5.91,2.25,16.0,0.0,96.0,0.0,0.0,0/1,1/8,0/0,0/16,0/1,1/8,0/0,0/16,0,0,0,0,0,0,0,0,0,0,0,0,South_Africa
Imran Tahir,20,107,38,59,23,36,4,9,130,157,19,33,235,225,18,37,29,29,9,13,9.29,7.85,19.0,8.25,55.32,69.78,105.56,89.19,9,16,3,5,18,21,1,5,1,1,1,0,2,6,0,0,0,0,0,0,0,0,0,0,0,0,0,0,0,0,0,0,0,0,0,0,37,104,38,59,3925,5541,845,1316,2294,4297,948,1703,86,38,0,1,57,173,63,82,40.25,24.84,15.05,20.77,3.51,4.65,6.73,7.76,68.86,32.03,13.41,16.05,5/32,7/45,5/23,4/12,8/130,7/45,5/23,4/12,1,7,2,3,2,3,2,0,0,0,0,0,South_Africa
Jean-Paul Duminy,46,199,81,83,74,179,75,77,2103,5117,1934,2029,4544,6050,1532,1636,166,150,96,78,32.86,36.81,38.68,39.78,46.29,84.58,126.25,124.03,10,40,25,26,251,347,138,126,13,75,71,79,9,7,6,1,8,27,11,14,6,4,0,0,0,0,0,0,0,0,0,0,0,0,0,0,57,135,41,49,2703,3513,463,678,1601,3143,599,834,48,9,0,0,42,69,21,23,38.12,45.55,28.52,36.26,3.55,5.37,7.76,7.38,64.36,50.91,22.05,29.48,4/47,4/16,3/18,4/17,4/51,4/16,3/18,4/17,2,1,0,1,0,0,0,0,0,0,0,0,South_Africa
Kagiso Rabada,70,106,65,80,106,45,24,31,1030,401,156,206,2053,507,141,193,47,31,22,44,11.98,14.85,17.33,12.12,50.18,79.1,110.64,106.74,20,18,15,14,135,30,14,16,16,12,5,8,20,2,4,4,0,0,0,0,0,0,0,0,0,0,0,0,0,0,0,0,0,0,0,0,128,104,65,80,12898,5444,1393,1818,7196,4613,1928,2570,427,63,3,2,327,168,71,117,22.01,27.46,27.15,21.97,3.35,5.08,8.3,8.48,39.44,32.4,19.62,15.54,7/112,6/16,3/18,4/21,13/144,6/16,3/18,4/21,14,6,0,6,16,2,0,0,4,0,0,0,South_Africa
Lungi Ngidi,19,67,43,14,30,27,13,0,97,124,41,0,229,236,52,0,19,20,13,0,4.85,11.27,8.2,0.0,42.36,52.55,78.85,0.0,10,16,8,0,14,8,4,0,1,6,0,0,8,5,2,0,0,0,0,0,0,0,0,0,0,0,0,0,0,0,0,0,0,0,0,0,33,66,43,14,2452,3117,857,324,1273,3018,1320,448,99,29,0,2,55,103,63,25,23.15,29.3,20.95,17.92,3.12,5.81,9.24,8.3,44.58,30.26,13.6,12.96,6/39,6/58,5/39,4/10,8/102,6/58,5/39,4/10,1,4,2,1,3,1,1,0,0,0,0,0,South_Africa
Quinton de Kock,54,155,92,108,91,155,91,108,3300,6770,2584,3161,4652,7005,1868,2357,141,178,100,140,38.82,45.74,31.51,30.99,70.94,96.65,138.33,134.12,6,7,9,6,411,771,264,317,33,118,103,123,7,4,7,4,22,30,16,23,6,21,1,2,0,0,0,0,0,0,0,0,0,0,0,0,0,0,0,0,0,0,0,0,0,0,0,0,0,0,0,0,0,0,0,0,0.0,0.0,0.0,0.0,0.0,0.0,0.0,0.0,0.0,0.0,0.0,0.0,-/-,-/-,-/-,-/-,-/-,-/-,-/-,-/-,0,0,0,0,0,0,0,0,0,0,0,0,South_Africa
Rassie van der Dussen,18,71,50,3,32,66,46,3,905,2657,1257,22,2221,3053,971,24,98,134,94,12,30.17,50.13,33.97,11.0,40.75,87.03,129.46,91.67,2,13,9,1,101,206,73,2,4,50,60,0,3,3,2,0,6,17,9,0,0,6,0,0,0,0,0,0,0,0,0,0,0,0,0,0,0,1,0,0,0,6,0,0,0,3,0,0,0,0,0,0,0,1,0,0,0.0,3.0,0.0,0.0,0.0,3.0,0.0,0.0,0.0,6.0,0.0,0.0,-/-,1/3,-/-,-/-,-/-,1/3,-/-,-/-,0,0,0,0,0,0,0,0,0,0,0,0,South_Africa
Tabraiz Shamsi,2,55,70,5,4,15,14,1,20,39,10,2,48,69,27,4,18,11,4,2,20.0,9.75,2.0,0.0,41.67,56.53,37.04,50.0,3,11,9,1,2,4,0,0,0,0,0,0,0,3,5,0,0,0,0,0,0,0,0,0,0,0,0,0,0,0,0,0,0,0,0,0,4,52,70,5,483,2697,1509,120,278,2510,1859,181,10,8,1,0,6,73,89,3,46.33,34.38,20.89,60.33,3.45,5.58,7.39,9.05,80.5,36.95,16.96,40.0,3/91,5/49,5/24,1/21,4/128,5/49,5/24,1/21,0,3,3,0,0,1,1,0,0,0,0,0,South_Africa
Angelo Mathews,118,226,90,49,210,194,73,42,8167,5916,1416,724,16856,7135,1175,575,200,139,81,65,44.63,40.52,27.76,23.35,48.46,82.92,120.52,125.92,27,48,22,11,831,468,92,44,89,90,50,29,6,16,1,3,45,40,6,1,16,3,0,0,1,0,0,0,0,0,0,0,0,0,0,0,86,163,72,44,3978,5324,1169,791,1798,4110,1389,1079,161,56,4,0,33,126,45,27,54.48,32.62,30.87,39.96,2.71,4.63,7.13,8.18,120.55,42.25,25.98,29.3,04/44,06/20,03/16,04/19,04/60,06/20,03/16,04/19,1,2,0,1,0,1,0,0,0,0,0,0,srilanka
Avishka Fernando,0,51,37,0,0,50,35,0,0,1589,363,0,0,1787,386,0,0,127,37,0,0.0,31.78,11.0,0.0,0.0,88.92,94.05,0.0,0,0,2,0,0,165,28,0,0,31,8,0,0,5,5,0,0,9,0,0,0,4,0,0,0,0,0,0,0,0,0,0,0,0,0,0,0,0,0,0,0,0,0,0,0,0,0,0,0,0,0,0,0,0,0,0,0.0,0.0,0.0,0.0,0.0,0.0,0.0,0.0,0.0,0.0,0.0,0.0,-/-,-/-,-/-,-/-,-/-,-/-,-/-,-/-,0,0,0,0,0,0,0,0,0,0,0,0,srilanka
Dhananjaya de Silva,63,90,45,0,112,82,44,0,4095,1865,847,0,7013,2373,731,0,173,93,66,0,38.63,25.9,21.18,0.0,58.4,78.6,115.87,0.0,6,10,4,0,495,186,71,0,35,17,18,0,10,4,2,0,19,10,3,0,12,0,0,0,0,0,0,0,0,0,0,0,0,0,0,0,91,75,25,0,4029,2250,286,0,2239,1907,327,0,83,1,0,0,40,44,16,0,55.98,43.34,20.44,0.0,3.33,5.09,6.86,0.0,100.73,51.14,17.88,0.0,03/25,03/32,02/22,-/-,05/51,03/32,02/22,-/-,0,0,0,0,0,0,0,0,0,0,0,0,srilanka
Dimuth Karunaratne,100,50,0,0,191,46,0,0,7222,1316,0,0,14024,1655,0,0,244,103,0,0,39.25,31.33,0.0,0.0,51.5,79.52,0.0,0.0,7,4,0,0,764,131,0,0,12,1,0,0,13,4,0,0,39,11,0,0,16,1,0,0,1,0,0,0,0,0,0,0,0,0,0,0,15,2,0,0,312,16,0,0,202,18,0,0,5,0,0,0,2,0,0,0,101.0,0.0,0.0,0.0,3.88,6.75,0.0,0.0,156.0,0.0,0.0,0.0,12/01,0/7,-/-,-/-,12/01,0/7,-/-,-/-,0,0,0,0,0,0,0,0,0,0,0,0,srilanka
Isuru Udana,0,21,35,10,0,18,25,4,0,237,256,15,0,249,186,11,0,78,84,10,0.0,16.93,18.29,5.0,0.0,95.19,137.64,136.37,0,4,11,1,0,17,16,1,0,10,14,1,0,2,3,1,0,1,1,0,0,0,0,0,0,0,0,0,0,0,0,0,0,0,0,0,0,21,32,10,0,909,631,174,0,950,915,282,0,2,1,0,0,18,27,8,0.0,52.78,33.89,35.25,0.0,6.27,8.7,9.72,0.0,50.5,23.37,21.75,-/-,03/82,11/03,02/41,-/-,03/82,11/03,02/41,0,0,0,0,0,0,0,0,0,0,0,0,srilanka
Jeevan Mendis,0,58,22,3,0,44,15,3,0,636,208,23,0,769,174,27,0,72,43,12,0.0,18.71,18.91,7.67,0.0,82.71,119.55,85.19,0,10,4,0,0,48,18,0,0,13,6,0,0,2,1,1,0,1,0,0,0,0,0,0,0,0,0,0,0,0,0,0,0,0,0,0,0,49,14,2,0,1404,210,30,0,1204,249,36,0,2,0,0,0,28,12,1,0.0,43.0,20.75,36.0,0.0,5.15,7.11,7.2,0.0,50.14,17.5,30.0,-/-,03/15,03/24,01/16,-/-,03/15,03/24,01/16,0,0,0,0,0,0,0,0,0,0,0,0,srilanka
Jeffrey Vandersay,2,27,14,0,4,15,8,0,71,112,20,0,77,234,20,0,53,25,8,0,17.75,11.2,20.0,0.0,92.21,47.87,100.0,0.0,0,5,7,0,10,5,3,0,2,0,0,0,0,2,0,0,1,0,0,0,0,0,0,0,0,0,0,0,0,0,0,0,0,0,0,0,2,26,14,0,288,1185,296,0,250,1065,395,0,0,6,1,0,5,40,7,0,50.0,26.63,56.43,0.0,5.21,5.39,8.01,0.0,57.6,29.63,42.29,0.0,3/182,06/33,02/26,-/-,3/182,06/33,02/26,-/-,0,1,0,0,0,1,0,0,0,0,0,0,srilanka
Kusal Mendis,71,143,78,0,133,140,78,0,4668,4429,1920,0,8012,5076,1458,0,245,143,86,0,36.76,34.33,25.6,0.0,58.27,87.26,131.69,0.0,6,11,3,0,563,445,165,0,50,74,81,0,14,14,6,0,21,33,15,0,10,5,0,0,1,0,0,0,0,0,0,0,0,0,0,0,9,2,0,0,132,20,0,0,118,28,0,0,1,0,0,0,1,0,0,0,118.0,0.0,0.0,0.0,5.36,8.4,0.0,0.0,132.0,0.0,0.0,0.0,10/01,0/13,-/-,-/-,01/18,0/13,-/-,-/-,0,0,0,0,0,0,0,0,0,0,0,0,srilanka
Kusal Perera,22,116,77,2,41,111,76,2,1177,3237,2056,14,1629,3484,1533,13,153,135,101,14,30.97,30.25,28.16,7.0,72.26,92.92,134.12,107.7,3,4,3,0,151,362,199,3,12,52,65,0,5,12,4,1,7,17,15,0,2,6,1,0,0,0,0,0,0,0,0,0,0,0,0,0,0,0,0,0,0,0,0,0,0,0,0,0,0,0,0,0,0,0,0,0,0.0,0.0,0.0,0.0,0.0,0.0,0.0,0.0,0.0,0.0,0.0,0.0,-/-,-/-,-/-,-/-,-/-,-/-,-/-,-/-,0,0,0,0,0,0,0,0,0,0,0,0,srilanka
Lahiru Thirimanne,44,127,26,0,85,105,20,0,2088,3164,291,0,5294,4389,267,0,155,139,44,0,26.43,34.77,16.17,0.0,39.45,72.09,108.99,0.0,6,14,2,0,207,244,27,0,3,25,5,0,11,7,1,0,10,21,0,0,3,4,0,0,0,0,0,0,0,0,0,0,0,0,0,0,5,4,0,0,84,104,0,0,51,94,0,0,1,0,0,0,0,3,0,0,0.0,31.33,0.0,0.0,3.64,5.42,0.0,0.0,0.0,34.67,0.0,0.0,0/5,02/36,-/-,-/-,0/5,02/36,-/-,-/-,0,0,0,0,0,0,0,0,0,0,0,0,srilanka
Lasith Malinga,30,226,84,122,37,120,33,25,275,567,136,88,619,761,161,99,64,56,27,17,11.46,6.83,6.48,5.5,44.43,74.51,84.48,88.89,13,37,12,9,36,45,9,6,6,21,5,5,9,26,8,6,1,1,0,0,0,0,0,0,0,0,0,0,0,0,0,0,0,0,0,0,59,220,83,122,5209,10936,1799,2827,3349,9759,2225,3365,112,103,1,8,101,338,107,170,33.16,28.87,20.79,19.79,3.86,5.35,7.42,7.14,51.57,32.36,16.81,16.63,05/50,06/38,06/05,05/13,9/210,06/38,06/05,05/13,7,11,1,6,3,8,2,1,0,0,0,0,srilanka
Milinda Siriwardana,5,27,22,0,9,24,19,0,298,516,275,0,454,525,208,0,68,66,42,0,33.11,22.43,17.19,0.0,65.64,98.29,132.22,0.0,0,1,3,0,32,39,16,0,11,13,12,0,1,1,4,0,2,3,0,0,0,0,0,0,0,0,0,0,0,0,0,0,0,0,0,0,9,21,13,0,413,601,138,0,257,547,206,0,6,2,0,0,11,9,8,0,23.36,60.78,25.75,0.0,3.73,5.46,8.96,0.0,37.55,66.78,17.25,0.0,03/25,02/27,02/17,-/-,05/51,02/27,02/17,-/-,0,0,0,0,0,0,0,0,0,0,0,0,srilanka
Nuwan Pradeep,28,49,16,0,50,25,6,0,132,35,10,0,361,83,15,0,17,7,8,0,4.0,4.38,10.0,0.0,36.57,42.17,66.67,0.0,17,17,5,0,19,3,1,0,0,1,0,0,18,4,1,0,0,0,0,0,0,0,0,0,0,0,0,0,0,0,0,0,0,0,0,0,53,47,16,0,5077,2345,278,0,3003,2339,436,0,130,20,0,0,70,63,15,0,42.9,37.13,29.07,0.0,3.55,5.98,9.41,0.0,72.53,37.22,18.53,0.0,6/132,04/31,04/25,-/-,7/180,04/31,04/25,-/-,6,2,1,0,1,0,0,0,0,0,0,0,srilanka
Suranga Lakmal,70,86,11,0,109,48,6,0,935,244,7,0,1936,404,11,0,42,26,5,0,11.13,9.38,2.33,0.0,48.3,60.4,63.64,0.0,25,22,3,0,114,18,1,0,12,3,0,0,21,9,2,0,0,0,0,0,0,0,0,0,0,0,0,0,0,0,0,0,0,0,0,0,122,84,11,0,12437,3881,208,0,6229,3534,330,0,439,36,0,0,171,109,8,0,36.43,32.42,41.25,0.0,3.01,5.46,9.52,0.0,72.73,35.61,26.0,0.0,05/47,04/13,02/26,-/-,07/80,04/13,02/26,-/-,7,3,0,0,4,0,0,0,0,0,0,0,srilanka
Thisara Perera,6,166,84,37,10,133,74,30,203,2338,1204,422,278,2086,794,307,75,140,61,40,20.3,19.98,23.15,19.18,73.03,112.09,151.64,137.46,0,16,22,8,21,176,88,23,4,84,64,26,0,11,8,1,1,10,3,0,0,1,0,0,0,0,0,0,0,0,0,0,0,0,0,0,8,157,67,36,954,5900,1102,698,653,5740,1717,1016,20,28,1,0,11,175,51,31,59.36,32.8,33.67,32.77,4.11,5.84,9.35,8.73,86.73,33.71,21.61,22.52,04/63,06/44,03/24,03/20,4/151,06/44,03/24,03/20,1,5,0,0,0,4,0,0,0,0,0,0,srilanka
Darren Bravo,56,122,26,1,102,117,22,1,3538,3109,405,6,7886,4434,379,5,218,124,43,6,36.1,29.61,21.32,0.0,44.87,70.12,106.87,120.0,4,12,3,1,405,252,32,1,41,75,14,0,5,9,3,0,17,18,0,0,8,4,0,0,1,0,0,0,0,0,0,0,0,0,0,0,1,0,0,0,6,0,0,0,2,0,0,0,0,0,0,0,0,0,0,0,0.0,0.0,0.0,0.0,2.0,0.0,0.0,0.0,0.0,0.0,0.0,0.0,0/2,-/-,-/-,-/-,0/2,-/-,-/-,-/-,0,0,0,0,0,0,0,0,0,0,0,0,West_Indies2
Chris Gayle,103,301,79,142,182,294,75,141,7215,10480,1899,4965,11970,12019,1381,3333,333,215,117,175,42.19,37.7,27.93,39.72,60.28,87.2,137.51,148.97,11,16,7,16,1046,1128,158,405,98,331,124,357,15,25,4,8,37,54,14,31,15,25,2,6,3,1,0,0,2,0,0,0,0,0,0,0,104,199,30,38,7109,7424,381,554,3120,5926,440,729,230,38,0,0,73,167,20,18,42.74,35.49,22.0,40.5,2.63,4.79,6.93,7.9,97.38,44.46,19.05,30.78,5/34,5/46,2/15,3/21,6/81,5/46,2/15,3/21,2,3,0,0,2,1,0,0,0,0,0,0,West_Indies2
Evin Lewis,0,63,61,27,0,60,60,26,0,2131,1643,654,0,2472,1081,477,0,176,125,65,0.0,38.05,28.82,27.25,0.0,86.21,151.99,137.11,0,4,3,2,0,206,125,62,0,69,124,36,0,3,5,2,0,11,12,4,0,5,2,0,0,0,0,0,0,0,0,0,0,0,0,0,0,0,0,0,0,0,0,0,0,0,0,0,0,0,0,0,0,0,0,0,0.0,0.0,0.0,0.0,0.0,0.0,0.0,0.0,0.0,0.0,0.0,0.0,-/-,-/-,-/-,-/-,-/-,-/-,-/-,-/-,0,0,0,0,0,0,0,0,0,0,0,0,West_Indies2
Shimron Hetmyer,16,56,62,73,30,51,52,67,838,1539,942,1285,1138,1460,795,835,93,139,81,75,27.93,32.06,20.04,31.34,73.64,105.42,118.5,153.9,0,3,5,26,85,117,63,77,27,56,47,86,0,3,4,2,5,4,5,4,0,5,0,0,0,0,0,0,0,0,0,0,0,0,0,0,0,0,0,0,0,0,0,0,0,0,0,0,0,0,0,0,0,0,0,0,0.0,0.0,0.0,0.0,0.0,0.0,0.0,0.0,0.0,0.0,0.0,0.0,-/-,-/-,-/-,-/-,-/-,-/-,-/-,-/-,0,0,0,0,0,0,0,0,0,0,0,0,West_Indies2
Fabian Allen,0,20,39,5,0,16,27,4,0,200,272,14,0,203,199,19,0,51,34,8,0.0,15.38,15.11,7.0,0.0,98.53,136.69,73.69,0,3,9,2,0,18,16,1,0,8,21,0,0,2,5,0,0,1,0,0,0,0,0,0,0,0,0,0,0,0,0,0,0,0,0,0,0,18,33,4,0,666,581,90,0,627,731,136,0,0,1,1,0,7,24,2,0.0,89.57,30.46,68.0,0.0,5.65,7.55,9.07,0.0,95.14,24.21,45.0,-/-,2/40,2/18,1/22,-/-,2/40,2/18,1/22,0,0,0,0,0,0,0,0,0,0,0,0,West_Indies2
Jason Holder,69,138,63,46,123,114,44,27,3073,2237,491,259,5595,2479,380,210,202,99,38,47,29.83,24.86,16.37,12.33,54.93,90.24,129.22,123.34,20,24,14,6,359,160,31,13,55,69,27,18,11,11,7,2,14,12,0,0,3,0,0,0,1,0,0,0,0,0,0,0,0,0,0,0,122,134,60,46,11305,6402,1333,995,4924,5878,1906,1461,484,64,2,0,162,159,66,53,30.4,36.97,28.88,27.57,2.61,5.51,8.58,8.81,69.78,40.26,20.2,18.77,6/42,5/27,5/27,4/52,11/103,5/27,5/27,4/52,4,5,2,1,8,2,1,0,1,0,0,0,West_Indies2
Andre Russell,1,56,83,127,1,47,72,106,2,1034,1063,2488,9,794,648,1423,2,92,71,88,2.0,27.21,22.15,28.93,22.23,130.23,164.05,174.85,0,9,24,20,0,94,63,171,0,57,89,209,0,6,9,5,0,4,3,11,0,0,0,0,0,0,0,0,0,0,0,0,0,0,0,0,2,55,72,112,138,2290,1191,1697,104,2229,1841,2646,2,14,0,0,1,70,60,115,104.0,31.84,30.68,23.01,4.52,5.84,9.27,9.36,138.0,32.71,19.85,14.76,1/73,4/35,3/19,5/15,1/104,4/35,3/19,5/15,0,5,0,2,0,0,0,1,0,0,0,0,West_Indies2
Carlos Brathwaite,3,44,41,16,5,37,27,14,181,559,310,181,284,614,274,111,69,101,37,43,45.25,16.44,14.76,13.92,63.74,91.05,113.14,163.07,1,3,6,1,12,38,13,10,7,24,22,16,1,2,3,0,3,1,0,0,0,1,0,0,0,0,0,0,0,0,0,0,0,0,0,0,4,40,39,16,408,1825,709,254,242,1766,1013,379,9,11,1,0,1,43,31,13,242.0,41.07,32.68,29.15,3.56,5.81,8.57,8.95,408.0,42.44,22.87,19.54,1/30,5/27,3/20,3/47,1/139,5/27,3/20,3/47,0,2,0,0,0,1,0,0,0,0,0,0,West_Indies2
Shai Hope,38,133,39,9,72,128,37,9,1726,5443,847,183,4124,6981,612,122,147,170,82,41,25.01,49.48,26.47,22.88,41.86,77.97,138.4,150.0,3,18,5,1,199,426,69,12,6,102,44,12,2,5,3,0,5,26,5,0,2,17,0,0,0,0,0,0,0,0,0,0,0,0,0,0,0,0,0,0,0,0,0,0,0,0,0,0,0,0,0,0,0,0,0,0,0.0,0.0,0.0,0.0,0.0,0.0,0.0,0.0,0.0,0.0,0.0,0.0,-/-,-/-,-/-,-/-,-/-,-/-,-/-,-/-,0,0,0,0,0,0,0,0,0,0,0,0,West_Indies2
Nicholas Pooran,0,61,106,76,0,58,97,73,0,1983,2275,1769,0,2000,1668,1090,0,118,98,77,0.0,39.66,26.15,32.16,0.0,99.15,136.4,162.3,0,8,10,18,0,157,152,112,0,80,149,127,0,3,3,9,0,11,13,9,0,3,0,0,0,0,0,0,0,0,0,0,0,0,0,0,0,7,0,0,0,169,0,0,0,174,0,0,0,0,0,0,0,6,0,0,0.0,29.0,0.0,0.0,0.0,6.18,0.0,0.0,0.0,28.17,0.0,0.0,-/-,4/48,-/-,-/-,-/-,4/48,-/-,-/-,0,1,0,0,0,0,0,0,0,0,0,0,West_Indies2
Sheldon Cottrell,2,38,45,6,4,19,10,1,11,88,18,0,24,130,29,2,5,17,4,0,2.75,11.0,4.5,0.0,45.84,67.7,62.07,0.0,0,11,6,0,1,6,2,0,0,4,0,0,1,2,1,1,0,0,0,0,0,0,0,0,0,0,0,0,0,0,0,0,0,0,0,0,2,36,44,6,276,1722,918,120,196,1685,1244,176,4,11,4,1,2,52,52,6,98.0,32.4,23.92,29.33,4.26,5.87,8.13,8.8,138.0,33.12,17.65,20.0,1/72,5/46,4/28,2/17,1/72,5/46,4/28,2/17,0,2,1,0,0,1,0,0,0,0,0,0,West_Indies2
Shannon Gabriel,59,25,2,0,88,16,0,0,229,24,0,0,660,63,0,0,20,12,0,0,4.24,3.43,0.0,0.0,34.7,38.1,0.0,0.0,34,9,0,0,28,1,0,0,6,0,0,0,23,4,0,0,0,0,0,0,0,0,0,0,0,0,0,0,0,0,0,0,0,0,0,0,104,25,2,0,9379,1148,42,0,5348,1134,56,0,267,6,0,0,166,33,3,0,32.22,34.36,18.67,0.0,3.42,5.93,8.0,0.0,56.5,34.79,14.0,0.0,8/62,3/17,3/44,-/-,13/121,3/17,3/44,-/-,5,0,0,0,6,0,0,0,1,0,0,0,West_Indies2
Kemar Roach,85,95,11,2,136,60,1,1,1286,308,3,10,3426,594,2,9,47,34,3,10,11.91,12.83,0.0,10.0,37.54,51.86,150.0,111.12,28,36,1,0,150,24,0,1,16,6,0,0,20,9,0,0,0,0,0,0,0,0,0,0,0,0,0,0,0,0,0,0,0,0,0,0,154,93,11,2,14944,4579,234,48,7729,3887,284,80,539,53,1,0,284,125,10,0,27.21,31.1,28.4,0.0,3.1,5.09,7.28,10.0,52.62,36.63,23.4,0.0,6/48,6/27,2/25,0/32,10/146,6/27,2/25,0/32,14,3,0,0,11,3,0,0,1,0,0,0,West_Indies2
Ashley Nurse,0,54,13,0,0,40,8,0,0,502,85,0,0,513,71,0,0,44,20,0,0.0,19.31,42.5,0.0,0.0,97.86,119.72,0.0,0,14,6,0,0,44,7,0,0,12,3,0,0,2,0,0,0,0,0,0,0,0,0,0,0,0,0,0,0,0,0,0,0,0,0,0,0,49,13,0,0,2384,240,0,0,2125,317,0,0,6,0,0,0,49,8,0,0.0,43.37,39.63,0.0,0.0,5.35,7.93,0.0,0.0,48.65,30.0,0.0,-/-,4/51,2/6,-/-,-/-,4/51,2/6,-/-,0,2,0,0,0,0,0,0,0,0,0,0,West_Indies2
Oshane Thomas,0,25,21,4,0,14,7,0,0,22,9,0,0,73,15,0,0,7,8,0,0.0,4.4,2.25,0.0,0.0,30.14,60.0,0.0,0,9,3,0,0,2,2,0,0,0,0,0,0,3,3,0,0,0,0,0,0,0,0,0,0,0,0,0,0,0,0,0,0,0,0,0,0,24,20,4,0,920,408,60,0,1034,638,79,0,1,1,0,0,31,21,5,0.0,33.35,30.38,15.8,0.0,6.74,9.38,7.9,0.0,29.68,19.43,12.0,-/-,5/21,5/28,2/6,-/-,5/21,5/28,2/6,0,1,0,0,0,1,1,0,0,0,0,0,West_Indies2
Craig Ervine,23,128,71,0,46,124,70,0,1598,3600,1449,0,3169,4695,1370,0,160,130,70,0,37.16,33.03,21.95,0.0,50.43,76.68,105.77,0.0,3,15,4,0,170,350,143,0,14,47,30,0,2,11,5,0,7,23,9,0,4,4,0,0,0,0,0,0,0,0,0,0,0,0,0,0,0,0,0,0,0,0,0,0,0,0,0,0,0,0,0,0,0,0,0,0,0.0,0.0,0.0,0.0,0.0,0.0,0.0,0.0,0.0,0.0,0.0,0.0,-/-,-/-,-/-,-/-,-/-,-/-,-/-,-/-,0,0,0,0,0,0,0,0,0,0,0,0,zimbabwe
Hamilton Masakadza,38,209,65,0,76,208,66,0,2222,5658,1662,0,5008,7728,1418,0,158,178,93,0,30.03,27.74,25.97,0.0,44.37,73.22,117.21,0.0,2,4,2,0,265,585,151,0,23,86,65,0,10,15,1,0,8,34,11,0,5,5,0,0,0,0,0,0,0,0,0,0,0,0,0,0,25,85,9,0,1164,1844,72,0,489,1636,113,0,49,5,0,0,16,39,2,0,30.56,41.95,56.5,0.0,2.52,5.32,9.42,0.0,72.75,47.28,36.0,0.0,03/24,03/39,04/01,-/-,03/24,03/39,04/01,-/-,0,0,0,0,0,0,0,0,0,0,0,0,zimbabwe
Sikandar Raza,18,151,105,9,35,142,100,9,1286,4325,2403,182,2339,5044,1766,136,127,141,133,57,36.74,36.04,25.84,26.0,54.99,85.75,136.08,133.83,0,22,7,2,126,360,180,12,17,105,117,8,3,3,8,0,9,22,14,1,1,7,1,0,0,0,0,0,0,0,0,0,0,0,0,0,27,120,91,7,2909,4970,1592,84,1550,4011,1822,141,62,25,3,0,38,93,81,3,40.79,43.13,22.49,47.0,3.2,4.84,6.87,10.07,76.55,53.44,19.65,28.0,7/113,04/55,05/18,01/19,8/176,04/55,05/18,01/19,0,1,2,0,2,0,1,0,0,0,0,0,zimbabwe
Sean Williams,17,162,81,0,33,157,80,0,1363,5140,1691,0,2248,5918,1338,0,154,174,66,0,45.43,37.52,23.49,0.0,60.64,86.86,126.39,0.0,3,20,8,0,150,462,161,0,10,63,42,0,0,9,6,0,3,36,11,0,5,8,0,0,0,0,0,0,0,0,0,0,0,0,0,0,25,131,73,0,2356,4930,1188,0,1249,4036,1374,0,41,35,0,0,25,85,48,0,49.96,47.48,28.63,0.0,3.18,4.91,6.94,0.0,94.24,58.0,24.75,0.0,03/20,04/43,03/15,-/-,6/111,04/43,03/15,-/-,0,1,0,0,0,0,0,0,0,0,0,0,zimbabwe
Solomon Mire,2,47,9,0,4,47,8,0,78,955,253,0,135,1191,196,0,47,112,94,0,19.5,20.32,31.63,0.0,57.78,80.19,129.09,0.0,0,0,0,0,12,93,23,0,1,24,13,0,1,4,0,0,0,3,2,0,0,1,0,0,0,0,0,0,0,0,0,0,0,0,0,0,3,19,5,0,84,507,72,0,32,515,115,0,2,1,0,0,1,12,1,0,32.0,42.92,115.0,0.0,2.29,6.09,9.58,0.0,84.0,42.25,72.0,0.0,01/22,04/43,01/15,-/-,01/27,04/43,01/15,-/-,0,1,0,0,0,0,0,0,0,0,0,0,zimbabwe
Brian Chari,7,14,3,0,14,14,3,0,254,186,21,0,642,399,31,0,80,39,19,0,18.14,13.29,7.0,0.0,39.57,46.62,67.75,0.0,0,0,0,0,26,12,4,0,6,2,0,0,2,0,1,0,2,0,0,0,0,0,0,0,0,0,0,0,0,0,0,0,0,0,0,0,2,0,0,0,18,0,0,0,12,0,0,0,0,0,0,0,0,0,0,0,0.0,0.0,0.0,0.0,4.0,0.0,0.0,0.0,0.0,0.0,0.0,0.0,0/3,-/-,-/-,-/-,0/3,-/-,-/-,-/-,0,0,0,0,0,0,0,0,0,0,0,0,zimbabwe
Timycen Maruma,4,22,13,0,7,18,13,0,68,196,100,0,186,330,110,0,41,35,23,0,9.71,11.53,11.11,0.0,36.56,59.4,90.91,0.0,0,1,4,0,8,14,6,0,0,6,4,0,3,1,1,0,0,0,0,0,0,0,0,0,0,0,0,0,0,0,0,0,0,0,0,0,0,9,2,0,0,225,18,0,0,230,20,0,0,1,0,0,0,4,1,0,0.0,57.5,20.0,0.0,0.0,6.13,6.67,0.0,0.0,56.25,18.0,0.0,-/-,02/50,08/01,-/-,-/-,02/50,08/01,-/-,0,0,0,0,0,0,0,0,0,0,0,0,zimbabwe
Elton Chigumbura,14,213,56,0,27,198,56,0,569,4340,893,0,1133,5423,637,0,88,117,54,0,21.07,25.23,19.0,0.0,50.23,80.03,140.19,0.0,0,26,9,0,67,343,61,0,6,106,53,0,6,17,6,0,4,19,3,0,0,2,0,0,0,0,0,0,0,0,0,0,0,0,0,0,22,132,21,0,1806,4339,276,0,966,4274,427,0,61,23,0,0,21,101,16,0,46.0,42.32,26.69,0.0,3.21,5.91,9.28,0.0,86.0,42.96,17.25,0.0,05/54,04/28,04/31,-/-,6/133,04/28,04/31,-/-,1,1,1,0,1,0,0,0,0,0,0,0,zimbabwe
Regis Chakabva,22,61,49,0,43,57,49,0,1061,1188,682,0,2615,1751,557,0,101,102,48,0,27.21,22.0,14.51,0.0,40.58,67.85,122.45,0.0,4,3,2,0,102,93,59,0,8,9,27,0,3,3,11,0,5,4,0,0,1,1,0,0,0,0,0,0,0,0,0,0,0,0,0,0,0,0,0,0,0,0,0,0,0,0,0,0,0,0,0,0,0,0,0,0,0.0,0.0,0.0,0.0,0.0,0.0,0.0,0.0,0.0,0.0,0.0,0.0,-/-,-/-,-/-,-/-,-/-,-/-,-/-,-/-,0,0,0,0,0,0,0,0,0,0,0,0,zimbabwe
Brendan Taylor,34,205,44,0,68,203,45,0,2320,6684,934,0,4138,8722,790,0,171,145,75,0,36.25,35.55,23.95,0.0,56.07,76.64,118.23,0.0,4,15,6,0,254,599,93,0,22,106,24,0,3,15,5,0,12,39,6,0,6,11,0,0,0,0,0,0,0,0,0,0,0,0,0,0,4,21,2,0,42,396,30,0,38,406,17,0,0,0,0,0,0,9,1,0,0.0,45.11,17.0,0.0,5.43,6.15,3.4,0.0,0.0,44.0,30.0,0.0,0/6,03/54,01/16,-/-,0/6,03/54,01/16,-/-,0,0,0,0,0,0,0,0,0,0,0,0,zimbabwe
Peter Moor,15,49,21,0,30,45,19,0,734,828,364,0,1569,1225,286,0,83,58,92,0,25.31,20.7,24.27,0.0,46.79,67.6,127.28,0.0,1,5,4,0,83,48,22,0,7,30,24,0,4,3,0,0,6,4,1,0,0,0,0,0,0,0,0,0,0,0,0,0,0,0,0,0,0,0,0,0,0,0,0,0,0,0,0,0,0,0,0,0,0,0,0,0,0.0,0.0,0.0,0.0,0.0,0.0,0.0,0.0,0.0,0.0,0.0,0.0,-/-,-/-,-/-,-/-,-/-,-/-,-/-,-/-,0,0,0,0,0,0,0,0,0,0,0,0,zimbabwe
Tendai Chatara,9,87,60,0,18,57,16,0,94,206,49,0,201,439,77,0,22,23,8,0,6.27,6.44,8.17,0.0,46.77,46.93,63.64,0.0,3,25,10,0,15,17,2,0,1,2,0,0,6,9,2,0,0,0,0,0,0,0,0,0,0,0,0,0,0,0,0,0,0,0,0,0,18,87,60,0,1824,4254,1281,0,728,3751,1557,0,92,55,4,0,26,115,65,0,28.0,32.62,23.95,0.0,2.39,5.29,7.29,0.0,70.15,36.99,19.71,0.0,05/61,04/33,07/03,-/-,6/106,04/33,07/03,-/-,0,1,0,0,1,0,0,0,0,0,0,0,zimbabwe
Donald Tiripano,16,38,23,0,31,29,16,0,531,364,157,0,1631,549,158,0,95,55,28,0,22.13,17.33,13.08,0.0,32.56,66.31,99.37,0.0,7,8,4,0,71,30,9,0,1,8,6,0,5,2,3,0,2,1,0,0,0,0,0,0,0,0,0,0,0,0,0,0,0,0,0,0,25,36,23,0,2693,1508,417,0,1273,1456,617,0,99,12,0,0,26,36,16,0,48.96,40.44,38.56,0.0,2.84,5.79,8.88,0.0,103.58,41.89,26.06,0.0,03/23,05/63,03/20,-/-,04/47,05/63,03/20,-/-,0,0,0,0,0,1,0,0,0,0,0,0,zimbabwe
Chris Mpofu,15,84,32,0,28,41,11,0,105,57,35,0,249,210,43,0,33,9,17,0,5.83,2.85,8.75,0.0,42.17,27.15,81.4,0.0,10,21,7,0,7,1,3,0,5,0,1,0,9,7,3,0,0,0,0,0,0,0,0,0,0,0,0,0,0,0,0,0,0,0,0,0,23,83,32,0,2489,3960,694,0,1392,3581,1036,0,86,41,0,0,29,93,33,0,48.0,38.51,31.39,0.0,3.36,5.43,8.96,0.0,85.83,42.58,21.03,0.0,04/92,06/52,04/30,-/-,5/123,06/52,04/30,-/-,2,2,1,0,0,1,0,0,0,0,0,0,zimbabwe
Kyle Jarvis,13,49,21,0,24,33,12,0,128,222,55,0,384,337,64,0,25,37,27,0,9.14,9.65,7.86,0.0,33.34,65.88,85.94,0.0,10,10,5,0,13,22,1,0,1,3,4,0,4,4,4,0,0,0,0,0,0,0,0,0,0,0,0,0,0,0,0,0,0,0,0,0,22,49,22,0,2511,2362,448,0,1354,2087,665,0,79,23,0,0,46,58,28,0,29.43,35.98,23.75,0.0,3.24,5.3,8.91,0.0,54.59,40.72,16.0,0.0,05/54,04/16,03/15,-/-,07/98,04/16,03/15,-/-,2,2,0,0,3,0,0,0,0,0,0,0,zimbabwe
Brandon Mavuta,5,14,13,0,8,10,10,0,82,92,65,0,208,107,51,0,56,28,28,0,10.25,11.5,16.25,0.0,39.43,85.99,127.46,0.0,0,2,6,0,11,10,3,0,1,1,3,0,3,1,1,0,1,0,0,0,0,0,0,0,0,0,0,0,0,0,0,0,0,0,0,0,8,11,13,0,1002,420,234,0,632,396,285,0,11,0,1,0,12,10,10,0,52.67,39.6,28.5,0.0,3.78,5.66,7.31,0.0,83.5,42.0,23.4,0.0,5/140,02/30,10/03,-/-,5/170,02/30,10/03,-/-,1,0,0,0,1,0,0,0,0,0,0,0,zimbabwe
